# Resource object code (Python 3)
# Created by: object code
# Created by: The Resource Compiler for Qt version 6.12.0
# WARNING! All changes made in this file will be lost!

from PyQt6 import QtCore

qt_resource_data = b"\
\x00\x00\x01q\
\x89\
PNG\x0d\x0a\x1a\x0a\x00\x00\x00\x0dIHDR\x00\
\x00\x00\x10\x00\x00\x00\x10\x08\x06\x00\x00\x00\x1f\xf3\xffa\
\x00\x00\x00\x09pHYs\x00\x00\x0b\x13\x00\x00\x0b\x13\
\x01\x00\x9a\x9c\x18\x00\x00\x01#IDATx\x9c\xed\
\x8fMK\xc3@\x10@\xf7j\xe8I+M\xa0H\xb5\
\x89)QT\xf0\x07z\x16\xe2I\xc1$G\xa1$$\
\xa2%bEb\x10\xc5\xa3 \x05O\x1e\xf2Q\xbaM\
\xb2\xa6\xfe\x85\x91I#\x18l\xa1\x1e\x05\x1f\x0c\xeca\
\xdfc\x86\x90\x7f\x0a\x04\x9dr\x82\x11\xf5\x8b\xd1)G\
\xe6 \xb8\x94kuG\xfd\xb5\xb3Q\xf5\x9f0\x95\xa1\
\x18=\xf4gEPn[c\x7f\xdd\x1cC\xabK\x01\
#\xb3\x03F\x04\x82\x16T\x22\xfb.\xe5D'\xf5E\
;\x81\xb6\x95\xc04\xf2-\xd0<\x1a.\xf1F\xe8\x95\
\x1b\x00\xaf\x87\xd0\xd0\x82\xc7\xd5\x93\xd7\x1a\xcar\x8f\xdd\
\xc9\x17\x19H\xe7)`d\xc3L\x1e\x14;\xabUV\
lbD\x0b=\x94y-\x80\xc6\xf1\x1b\xac\xa8\x83'\
\xc5\xcd\xee\x15\x97A\xa7\xc7\x00#\xa2\x93\xfe\x94+\x91\
\xd3\xc0C\xb9\xae\x0e@2c\xd8\xbe\xcea\xeb\xea\x1d\
0\x22_f\xf3\xe5/\xf0\xf6\xe5\xc3\x17\x1f\xe5\xdd\xdb\
\x09\xec\xdcL\xca\x08\xf3\xf1\x1c\xb2\x10\x07.'\xdbq\
\xbe\xe7}\x14\x11\xc9\x8a\xf3\xc5eRn\xa2>\xd7;\
\xce\x90mZ\x11\xc3\xf7\xaf\xe4\xbf\xc5'\xd4\x19\xc2'\
zp\xeal\x00\x00\x00\x00IEND\xaeB`\x82\
\
\x00\x00/6\
\x89\
PNG\x0d\x0a\x1a\x0a\x00\x00\x00\x0dIHDR\x00\
\x00\x02\x00\x00\x00\x02\x00\x08\x06\x00\x00\x00\xf4x\xd4\xfa\
\x00\x00\x00\x09pHYs\x00\x01:\xf5\x00\x01:\xf5\
\x01\x97\x08vW\x00\x00\x00\x19tEXtSof\
tware\x00www.inksca\
pe.org\x9b\xee<\x1a\x00\x00 \x00ID\
ATx\x9c\xed\xdd{t\x5cwy\xef\xff\xcf\xb3g\
$\xdb\xf1%\xba\xf82\xb2\xe3C\x04q$\x1b\xc7\x06\
\x12\xa04\xe1\x90p\x02\x04\x08-\x97\x13\xa0'\x10R\
\xca\xa5\xa5P\xcai!\x5c\xca\xfdN\x0b\x9c\xb6?\x0e\
\xe5N\x03\x9c\x16\x08P\x02\x07\x02'\x90\xd2&P\xc0\
\x84\x5c\x1c[\x8a\x92:\xd4\x96%\xd9\xd6\xc5\x8e\x1d[\
\xd2\xcc~~\x7f\xd8I\x1d\xc7v,[\xd2\xb3g\xbe\
\xef\xd7ZY\xb0X\x8b\xb5\xdfYK\x9a\xfd\xd1\x9e\x99\
\xbd\xcd\xdd\x05\x00\x00\xd2\x92E\x07\x00\x00\x80\xd9\xc7\x00\
\x00\x00 A\x0c\x00\x00\x00\x12\xc4\x00\x00\x00 A\x0c\
\x00\x00\x00\x12\xc4\x00\x00\x00 A\x0c\x00\x00\x00\x12\xc4\
\x00\x00\x00 A\x0c\x00\x00\x00\x12\xc4\x00\x00\x00 A\
\x0c\x00\x00\x00\x12\xc4\x00\x00\x00 A\x0c\x00\x00\x00\x12\
\xc4\x00\x00\x00 A\x0c\x00\x00\x00\x12\xc4\x00\x00\x00 \
A\x0c\x00\x00\x00\x12\xc4\x00\x00\x00 A\x0c\x00\x00\x00\
\x12\xc4\x00\x00\x00 A\x0c\x00\x00\x00\x12\xc4\x00\x00\x00\
 A\x0c\x00\x00\x00\x12\xc4\x00\x00\x00 A\x0c\x00\x00\
\x00\x12\xc4\x00\x00\x00 A\x0c\x00\x00\x00\x12\xc4\x00\x00\
\x00 A\x0c\x00\x00\x00\x12\xc4\x00\x00\x00 A\x0c\x00\
\x00\x00\x12\xc4\x00\x00\x00 A\x0c\x00\x00\x00\x12\xc4\x00\
\x00\x00 A\x0c\x00\x00\x00\x12\xc4\x00\x00\x00 A\x0c\
\x00\x00\x00\x12\xc4\x00\x00\x00 A\x0c\x00\x00\x00\x12\xc4\
\x00\x00\x00 A\x0c\x00\x00\x00\x12\xc4\x00\x00\x00 A\
\x0c\x00\x00\x00\x12\xc4\x00\x00\x00 A\x0c\x00\x00\x00\x12\
\xc4\x00\x00\x00 A\x0c\x00\x00\x00\x12\xc4\x00\x00\x00 \
A\x0c\x00\x00\x00\x12\xc4\x00\x00\x00 A\x0c\x00\x00\x00\
\x12\xc4\x00\x00\x00 A\x0c\x00\x00\x00\x12\xc4\x00\x00\x00\
 A\x0c\x00\x00\x00\x12\xc4\x00\x00\x00 A\x0c\x00\x00\
\x00\x12\xc4\x00\x00\x00 A\x0c\x00\x00\x00\x12\xc4\x00\x00\
\x00 A\x0c\x00\x00\x00\x12\xc4\x00\x00\x00 A\x0c\x00\
\x00\x00\x12\xc4\x00\x00\x00 A\x0c\x00\x00\x00\x12\xc4\x00\
\x00\x00 A\x0c\x00\x00\x00\x12\xc4\x00\x00\x00 A\x0c\
\x00\x00\x00\x12\xc4\x00\x00\x00 A\x0c\x00\x00\x00\x12\xc4\
\x00\x00\x00 A\x0c\x00\x00\x00\x12\xc4\x00\x00\x00 A\
\x0c\x00\x00\x00\x12\xc4\x00\x00\x00 A\x0c\x00\x00\x00\x12\
\xc4\x00\x00\x00 A\x0c\x00\x00\x00\x12\xc4\x00\x00\x00 \
A\x0c\x00\x00\x00\x12\xc4\x00\x00\x00 A\x0c\x00\x00\x00\
\x12\xc4\x00\x00\x00 A\x0c\x00\x00\x00\x12\xc4\x00\x00\x00\
 A\x0c\x00\x00\x00\x12\xc4\x00\x00\x00 A\x0c\x00\x00\
\x00\x12\xc4\x00\x00\x00 A\x0c\x00\x00\x00\x12\xc4\x00\x00\
\x00 A\x0c\x00\x00\x00\x12\xc4\x00\x00\x00 A\x0c\x00\
\x00\x00\x12\xc4\x00\x00\x00 A\x0c\x00\x00\x00\x12\xc4\x00\
\x00\x00 A\x0c\x00\x00\x00\x12\xc4\x00\x00\x00 A\x0c\
\x00\x00\x00\x12\xc4\x00\x00\x00 A\x0c\x00\x00\x00\x12\xc4\
\x00\x00\x00 A\x0c\x00\x00\x00\x12\xc4\x00\x00\x00 A\
\x0c\x00\x00\x00\x12\xc4\x00\x00\x00 A\x0c\x00\x00\x00\x12\
\xc4\x00\x00\x00 A\x0c\x00\x00\x00\x12\xc4\x00\x00\x00 \
A\x0c\x00\x00\x00\x12\xc4\x00\x00\x00 A\x0c\x00\x00\x00\
\x12\xc4\x00\x00\x00 A\x0c\x00\x00\x00\x12\xc4\x00\x00\x00\
 A\x0c\x00\x00\x00\x12\xc4\x00\x00\x00 A\x0c\x00\x00\
\x00\x12\xc4\x00\x00\x00 A\x0c\x00\x00\x00\x12\xc4\x00\x00\
\x00 A\x0c\x00\x00\x00\x12\xc4\x00\x00\x00 A\x0c\x00\
\x00\x00\x12T\x8e\x0e\x00p\xf2V\xae\x5c9\xef\xbe\xea\
\xdcN\x97u\x9ag\xcb\xdc\xb4X\xd2\x12\x93\xda]j\
\x97\xab]\xa6vI\xcd\x87\xfe/\xad\x87\xfe\xb3Y\xd2\
\xfcC\xff}\x9f\xa4\x89C\xff}\xf4\xd0\x7f\x8eK\x1a\
\x96i\xd8]\xc3&\x0dK\xdae\xae]n>h\xca\
\xef9\xad|`\xcb\xd6\xad[\xf7\xcf\xc2\xbf&\x80\x19\
`\xee\x1e\xdd\x00\xe08\xcc\xcekj]v_\x97\xe4\
\xeb\x94\xe5k\xe5\xf6H\xc9\xcet\xe5g\x9alYd\
\x9b\xcb\x87L\xda\x22e\xf7\xc8\xf2-\xca\xb3\xdb%\xbb\
}t\xe8\xb4^\xf7\x0d\x93\x91m\x00\x8e\x8f\x01\x00\x14\
\xc8\xca\x95+\xe7\xed\xab\x9dv\x9ey\xf6D\x97\xaf\x93\
\xeb\x1c\x99\xd6\xe8?\xff\x82\xaf\x17\x13rm\x92\xe9v\
\x93\xdd\xe6\x96\xff|~\xe9\xbe\x0d\x5c1\x00\x8a\x83\x01\
\x00\x04Z\xb6\xec\x9ce\x93V}\x82\x99\xce\xcdM\xe7\
\x9b\xfb\x05\x92\xe6Fw\xcd\x90\xaaI\xb7\xcatS\xee\
\xfe+\xcb\x9a\xfey\xa4\x7f\xe3\x7fDG\x01\xa9b\x00\
\x00\xb3\xc8\xec\xa2r\xeb\xf2\xed\xbf\xa5\xdc.5\xe9b\
\x97\x1e'\xc9\xa2\xbb\x02\xfd\xbb\xdc\xaf\x97\xb2\xef\x8e.\
\xac\xfe\xd0\xfb\xfa\xc6\xa3\x83\x80T0\x00\x80\x19\xd6~\
\xc6\xaa3\xbcVz\x8e\xa4gJz\xaa\xfe\xf3\xc3w\
x\xb0\xbd2\xfdH\xd2uY\xc9\xbf\xb3kko\x7f\
t\x10\xd0\xc8\x18\x00\xc0\x0cX\xb4\xa2kq)\xd7\xb3\
d\xd9K\xcd\xfd\xa9\xe2+\xb7S\x95\xcb\xf53\x97\xbe\
^\xae\xe9\xeb;w\xf6l\x8f\x0e\x02\x1a\x0d\x03\x00\x98\
&\x8bVt-.\xe7z\x91\x94\xbdP\xf2\x0b\xc4I\
\x7f\xba\xe4\x92\xfeE\xd2\xd7\xaa%\xfb\xda\x9em\x9b\x87\
\xa3\x83\x80F\xc0\x00\x00NQ\xcb\xf2\xd5\xe7fy\xfe\
*\x99\xbdT\xd2\xbc\xe8\x9e\x067.\xe9\xda\xcc\xfd\xd3\
\xc3Cw\xfe\xc8y\x01\x03N\x1a\x03\x008\x09K\x97\
\xae\xadTK\xd5\x97I\xfe\x0a\xc9\xce\x8a\xeeI\x93\xdf\
e\xca\xbe\xa2l\xf2s\xc3\xfdwm\x8d\xae\x01\xea\x0d\
\x03\x00\x98\x82\xd6\x15\xab\x1ek\xb5\xd2\x9f\xc9\xf4BI\
M\xd1=\x90$M\xca\xf5U/\xe7\x1f\x1d\xddv\xe7\
-\xd11@\xbd`\x00\x00'\xa0mE\xd7\x05\xcau\
\x95d\xcfV\xda_\xdb+6\xd7M\x92}xt\xa8\
\xe7\xbb\xbc=\x00\x1c\x1f\x03\x008\x06\xb3\x8b\xca-\x95\
\x81\x97\x9a\xec\xcf%_\x13\xdd\x83)\xd9\xe8\xb2\xbf\x1a\
\x1b\xac|\xc5\xfd\x86jt\x0cPD\x0c\x00\xe0\x08f\
\x96\xb5U\xba^\x90K\xef3\xe9\xec\xe8\x1e\x9c\x92{\
\xcc\xec\x83#\x03=\x9fs\xf7Zt\x0cP$\x0c\x00\
\xe0\x103\xb3\xd6e\xdd\x97*\xf3\xf7\xca\xb5>\xba\x07\
\xd3j\xb3\xcb?46x\xe7\x97\xdd=\x8f\x8e\x01\x8a\
\x80\x01\x00Hj_\xde}\x89\xbb>,i]t\x0b\
f\x90\xeb\x16+\xd9U\xc3\xfd\x9b\x7f\x18\x9d\x02Dc\
\x00 i\xa7/]\xb3\xaaT\xca\xdf/\xe9\xb2\xe8\x16\
\xcc\x1e7\xbb>\xf3\xea\xeb\x87\x07\xfa6E\xb7\x00Q\
\x18\x00HRkgg\x8b\x1d\x98\xf3fI\x7f*i\
Nt\x0fBL\x9a\xe9\x93~`\xf2\x1d##w\xef\
\x8e\x8e\x01f\x1b\x03\x00I13k\xeb8\xfb\x15\xee\
\xf6\x01I\x8b\xa3{\x10\xcf\xa4\x1d\xb9\xf4\xe6\xb1\xc1\xde\
/\xf2\xd5A\xa4\x84\x01\x80d\xb4,[\xf5\xa8RV\
\xfa\x94K\xff-\xba\x05\x85\xf4\xaf\xa5L\xaf\xdc\xd9\xdf\
\xd3\x1b\x1d\x02\xcc\x06\x06\x00\x1a\x9e\xd9E\xe5\x96e\x03\
\x7fl\xa6\xf7\x8bG\xf1\xe2\xf8\xf6\x9b\xec##\xed\xa5\
\x0f\xf8\xc6\x8d\x13\xd11\xc0Lb\x00\xa0\xa1\xb5,_\
}n&\xff\x1c_\xeb\xc3\xd4\xd8\xaf\xf3\xcc^1\xd6\
\xbf\xe9\xe6\xe8\x12`\xa6\xf0\xb8R4$3\xcbZ+\
\xdd\xaf\xcf\xdc\x7f\xca\xc9\x1fS\xe7\x8f\xcd\xf2\xfc\xe7\xed\
\x1d\xab\xdfef\xa5\xe8\x1a`&p\x05\x00\x0d\xa7m\
\xc5\xda\xff\xa2\xbc\xf6%\xc9\xffkt\x0b\x1a\xc2\xcfr\
\xf7\x97\x8c\x0d\xf6\xfe{t\x080\x9d\xb8\x02\x80\x86\xd2\
\xde\xd1}\x99\xf2\xea-\x9c\xfc1\x8d\x9e\x94\x99\xfd\xba\
my\xf7K\xa2C\x80\xe9\xc4\x15\x004\x84Je\xfd\
\xfc\x09\x8d\x7fJ\xa6\xcb\xa3[\xd0\xb8L\xfe\xf7s\xb3\
\x85\xaf\xe9\xef\xdfp_t\x0bp\xaa\x18\x00\xa8{\xa7\
/]{V\xa9T\xfd\xa6\xa4s\xa2[\x90\x84\xdb\xf2\
\xbc\xf6\xfc\xb1\xa1\xbe\xbb\xa3C\x80S\xc1[\x00\xa8k\
m\x1d]\xcf*\x95\xaa\xbf\x10'\x7f\xcc\x9euYV\
\xba\xb9uE\xd7s\xa3C\x80S\xc1\x00@]:x\
G\xbf\xee\xab$\xfb\x8e\xa4\xd6\xe8\x1e$g\x91\xe5\xf6\
\xcd\xb6\x8e\xee\x0f\x99\x19\xaf\xa3\xa8K\xbc\x05\x80\xbaS\
\xa9\xac\x9f?a\xe3\xff \xe99\xd1-\x80L\xdfn\
\xce\xe7\x5c>8x\xeb\xbe\xe8\x14`*\x18\x00\xa8+\
K\x96\xac\xe9\xc8\xcb\xf9w\x5c:7\xba\x05x\x80\xe9\
V\xcbj\x97\x0eo\xeb\xdb\x16\x9d\x02\x9c(\x06\x00\xea\
F{\xc7\xa3\x1f\xed\xaa\xfd_I\x8f\x88n\x01\x1e\xc2\
\xd5\xef\xee\xcf\x1e\x1d\xea\xbd5:\x058\x11\x0c\x00\xd4\
\x85\xc5\x95\xae\x8bs\xb3k$\x9d\x1e\xddRP\xfb$\
\xbfG\xd2\x96\x83\xffX\xbf\xb9v\xe6%\x1f1\xd7\xb0\
y>\x5c\xf3\xd2~\xcdi\x1e\x93\xa4\xb9\xe36q\xff\
%\xebJe\xfd\xfc\x03s\xbcY\x924>\xd1R\xb2\
\xda<\xb7\xac\xddM\xedY\xcd\xda\xdd\xb4X\xf2\x15\x92\
:\x0f\xfecg\x8ag*\x1c\x9dk,\x97^06\
\xd8\xf3\xe3\xe8\x14\xe0\xe10\x00Pxm\x95\xd5\xffC\
\xe6_\x94\xd4\x14\xddR\x00\xfbM\xba#7\xdd\xaa\x5c\
\xb7\xcbt[U\xb5\x8d\xf7\x0e\xf4\xed\x9c\xcd\x88\x85\x95\
\xb3\x96\x96T^k\xd29\xcatN\xe6Z\xef\xd2\xa3\
%\xcd\x9b\xcd\x8e\x82\x9a0\xf7+\x86\x07{\xbf\x1a\x1d\
\x02\x1c\x0f\x03\x00\x85\xd6\xbe\xbc\xeb\x95\xee\xf6wJ\xf7\
\x1b+\x83\x92o\x90\xecFe~\xd3\xe8i\xf9/\xbd\
\xafo<:\xeah\xcc.*\xb7Uvt\xc9\xf2\xf3\
\xdd\xfd\x02IO\x96tfpV\x94\x9a\xb9^=<\
\xd8\xf3\xb9\xe8\x10\xe0X\x18\x00(\xac\xb6\x8e\xae\xd7H\
\xf6\xb7J\xeb\xe4\x7f\xc0\xcdn4\xf7\xebs\xb3\xeb\xc7\
\xb6o\xfeUt\xd0\xa9h\xa9t=\xb2\x94e\x17\xbb\
\xe7\xcf\x91\xecbIs\xa3\x9bf\x91\xbb\xe9\x7f\x8en\
\xef\xf9_\xd1!\xc0\xd10\x00PHm\x95\xd5o\x95\
\xf9\xfb\xa3;f\x85k\xcc\xcc\xff\xc9\xe5\xd7\xcc\xcb\x16\
\xdd\xd0\xa8\xb7\x99]\xb1\xe2\xbc\xd3\xf6\xd7\xf6=U\xa6\
\xcb$\xff]\xa5\xf2y\x0e\xf7\xb7\x8c\x0c\xf6~(:\
\x038\x12\x03\x00\x85\xd3^\xe9~\xaf\x9b\xfe\x22\xbac\
\x86\xed\x95\xeb\xdb\x92}uta\xf5\x87E\xbd\xac?\
Sl\xd5\xaa9-\xf7\x96\x9ea\x99^$\xd7\xef\xaa\
\xc1?Th\xb2\xf7\x0c\x0fl~gt\x07p8\x06\
\x00\x0a\xa5my\xf7\xdb\xe4z_t\xc7\xcc\xb1M\x92\
_]+\x97?\xb3{\xeb\xc6\x91\xe8\x9a\x22ho_\
\xb5Hs\xca/\x96\xfb\xab\x1a\xfa\xfe\x0eno\x1d\x19\
\xdc\xfc\xc1\xe8\x0c\xe0~\x0c\x00\x14Fk\xa5\xfb\xf5f\
j\xc4\xf7K\xf7\xcb\xfdKy\xa9\xf4\xa9\xb1\xfeM7\
G\xc7\x14Y\xcb\xf2\xd5\xe7f\xb9^-\xf3\x97\xaa\x01\
?/\xe0n\x7f2:\xb8\xf9o\xa3;\x00\x89\x01\x80\
\x82h\xedX}\xa5\xc9?/\xc9\xa2[\xa6\xd1NI\
\x9f/U\xf57;w\xf6l\x8f\x8e\xa9'\x0b;V\
-iR\xe9\xe5\x92\xfeD\xd2\xf2\xe8\x9ei\xe4f\xfe\
\xea\xe1\xed\xbd\x9f\x89\x0e\x01\x18\x00\x08w\xe8{\xfe_\
R\xe3|\xda\xff72\xfb\xe0\xe9s\x0e\xfc\xfd\x96-\
[\x0eD\xc7\xd4\xb3\x95+W\xce\xdbW\x9d\x7f\xa5\xa4\
\xb7HZ\x19\x9c3]j\xe6~9\xf7\x09@4\x06\
\x00B\xb5v\xac\xbe\xd0\xe4?\x90\xd4\x1c\xddr\xaaL\
\xda\xe1\xd2\xc7N\x9f;\xfe\xd7\x9c\xf8\xa7\x97\xad]\xdb\
\xdc6R\xbb\xd2\xdd\xdf\xa9\xc6\xb8\x220\x99\xb9?k\
\xd7`\xef\xf5\xd1!H\x17\x03\x00a\xda*k\xd6\xca\
\xf2\x1bU\xff_\x07\x1b1\xf3\xf7\x9dV\xba\xef\xef\xb6\
n\xdd\xba?:\xa6\x91\xad\x5c\xb9r\xde}\xd5\x05\xaf\
q\xf9\xdbT\xef\x8f\x81v\x8d\x99\xd5\xce\x1f\x1e\xe8\xdb\
\x14\x9d\x8241\x00\x10b\xc9\x925\x1d\xb5r\xfe3\
\xd5\xf7\x83}\xaar\xff\xfc\xa4\xe5\x7f1\xdb\xb7\xe2M\
\xdd\xe9+\xd7\xb6\x95k\xd5w\xba\xeb5\x92\xca\xd1=\
\xa7\xe0\x9e\xa6\xbc\xe9\xb7\x86\x86n\x1f\x8a\x0eAz\x18\
\x00\x98u\x95\xca\xfa\xf9\x936\xfe\x93\xba\xfe\xca\x97\xeb\
\x87f\xb57\xf0\xd7[\xac\xb6\xca\x9a\xb5\x9e\xf9\xc7\xcd\
\xfd\xe2\xe8\x96\x93\xe5\xd2/O\xcb\x16\x5c\xd8\xa87\x80\
Bq1\x000\xab\xcc,k\xadt\xfd\x93\xa4\xe7D\
\xb7\x9c\x0c\x93v\xb8\xfb\xebG\x06{\xff1\xba\x05\xff\
\xa9my\xf7\xe5r}\x5c\xd2\x92\xe8\x96\x93\xe2\xfa\xa7\
\xd1\xa1\xde\x17\xb8{\x1e\x9d\x82t4\xca\xa7\xaeQ'\
\xda*]\xefR\x9d\x9e\xfc%}}2\xf3Gs\xf2\
/\x9e\x91\xed=_\xc9\x9b\x9b\xbb\xe4\xfeiI\xf5\xf7\
W\x8d\xe9\xb9-\x95\xae\xb7Eg -\x5c\x01\xc0\xac\
i\xab\xac\xbeT\xe6\xdfV\xbd\x0dOW\xbfe\xf6\x07\
\xc3\xdb7\xff :\x05\x0f\xaf}y\xf7%\xee\xfa\xbc\
\xa4\x8e\xe8\x96)\xca\xcd\xf4\xec\xe1\xed=\xd7E\x87 \
\x0d\x0c\x00\xcc\x8a\xd3\x97\xaeYU\xca\xf2_\xc8\xd4\x12\
\xdd2\x15\xe6\xf6\xad\xc9\xb2^\xb9g\xdb\xe6\xe1\xe8\x16\
\x9c\xb8\xd6\xce\xce\x16;0\xf7\x93\x92\xbf8\xbae\x8a\
F\xf3\xbc\xf6\xf8\xb1\xa1\xbe\xbb\xa3C\xd0\xf8\x18\x00\x98\
q\x95\xca\xfa\xf9\x136\xfeo\x92\xd6F\xb7L\xc1~\
w\xbdet\xb0\xe7\xaf\xa3Cp\xf2Z;\xba\xae0\
\xd9'$-\x88n\x99\x82\xdb\xe6e\x0b\x9e\xc4\x87\x02\
1\xd3\xea\xebR,\xea\xd2\x84\xc6?\xa5\xfa:\xf9o\
\xce2\x7f\x1c'\xff\xfa7:\xd0{\xb5\xa9\xf6DI\
\xbd\xd1-S\xb0\xee@\xbe\xf7\xff\x8b\x8e@\xe3c\x00\
`F\xb5-\xef~\x89L\x97GwL\xc1\xb5\x1a\x9f\
|\xd2\xae\xfe\xde\x9e\xe8\x10L\x8f\xe1\x81\xbeM\xa5\xaa\
\x1e\xef\xd25\xd1-'\xca\xa5\xdfo\xabt\xd5\xdb\xdb\
\x17\xa83\xbc\x05\x80\x19\xd3\xda\xb1\xfaL\x93\xdf\xa2\xfa\
\xb8\xd3_M\xd2\xdbF\x07{?\xe2\xfcR4$3\
\xb3\xd6e\xddo\x96\xf9{%\x95\xa2{N\xc0\xa8e\
\xd5\xf5\xc3\xfdwm\x8d\x0eAc\xe2\x0a\x00f\x84\x99\
e&\xff\x82\xea\xe3\xe4\xbfOn\xcf\x1b\x19\xe8\xf90\
'\xff\xc6\xe5\xee>2\xb8\xf9\x83f\xbaT\xd2\xbd\xd1\
='\xa0\xd5\xf3\xf2W\xcc\xac\x1e\xc6\x0a\xea\x10\x03\x00\
3\xa2\xa5\xa3\xeb\xad\x92.\x8c\xee8\x01\x03\xb9\xd9S\
F\x067\x7f':\x04\xb3cx{\xcfu\x9e\xfb\x93\
%m\x8bn9\x01On]v\xf6\x1b\xa3#\xd0\x98\
x\x0b\x00\xd3\xaee\xf9\xeas3\xf7\x9fIj\x8an\
y\x18\x1b\x95\x95\x9f=\xd2\xbf\xf1?\xa2C0\xfbZ\
\x97\xafy\x84\xb9\x7fO\xf25\xd1-\x0fc\xd2\xb3\xda\
\x13G\xfb\xfb~\x1d\x1d\x82\xc6\xc2\x15\x00L+\xb3\x8b\
\xca\xd9\xc1\xbb\xb1\x15\xfa\xe4o\xd2\x86j\xc9.\xe4\xe4\
\x9f\xae\xd1\xed\x9b~\xe3s\x0f\x9c/\xf9\xbfE\xb7<\
\x8c&\xf3\xd2\x17\xcc\xce+\xf4\xef\x14\xea\x0f\x03\x00\xd3\
\xaau\xd9\xe0\x9b$=.\xba\xe3\xf8\xec_4Q\xfb\
o\xdc\xdc\x07\xa3[\xb6\x8c\x95kMO3\xe9\xc7\xd1\
-\xc7\xe5Z\xdfZ\xd9\xfb\xa7\xd1\x19h,\xbc\x05\x80\
i\xb3\xe4\x8c\xd5g\xd7j~\x8b\xa4y\xd1-\xc7q\
\xdd\xfc\xf2\xbe\xe7o\xdd\xbau\x7ft\x08\x8ac\xc5\x8a\
\xf3N\xdb\x9f\xef\xfd\xa6\xa4gD\xb7\x1c\xc7\xfeZ\xad\
\xbcn\xf7\x8e\x8dwE\x87\xa01p\x05\x00\xd3\xc2\xcc\
\xacV\xf3O\xab\xe0'\xff\xd1\x05\xb5\xe7r\xf2\xc7\x91\
\xfa\xfb7\xdc7\xba\xa0\xf6\xbbr\xfd0\xba\xe58\xe6\
\x95K\xd5O\x99\x99E\x87\xa010\x000-\xda:\
\xce~\x85\xa4\xa7Dw\x1c\xc7O\xe6\x97\xf7=\xdf\xfb\
\xfa\xc6\xa3CPL\xde\xd77>\xaf\xb4\xe0y\x92\xfe\
5\xba\xe5X\x5czjK\xa5\xeb\xca\xe8\x0e4\x06\xde\
\x02\xc0);\xf8\xe0\x959}\x92\x16G\xb7\x1c\x9d\xfd\
\xbcT\xf5\xa7\xed\xdc\xd9S\x0f\xdf\xfdF\xb0\xf6\xf6U\
\x8b\xf2\xe6\xd2\xf5&=>\xba\xe5hL\xda\xe1\xe3\x93\
g\x8f\x8c\xdc\xbd;\xba\x05\xf5\x8d+\x008u\xfb\xe7\
\xbeC\x85=\xf9kc\xde\xdc\xf4LN\xfe8Q\xc3\
\xc3}{\xf2r\xf9\x12\xc96E\xb7\x1c\x8dKK5\
\xa7\xe9m\xd1\x1d\xa8\x7f\x5c\x01\xc0)Y\xbc\xa2\xab;\
\xcf\xed6\x15\xf3k\x7f\x03n\xd9\x93F\xb7o\xfaM\
t\x08\xea\xcf\xa1[Y\xffLR%\xba\xe5(&J\
%;g\xe7\xb6\xcdwF\x87\xa0~q\x05\x00\xa7$\
\xcf\xedc*\xe6\xc9\xff\xbeL\xfe\x5cN\xfe8Y\xa3\
\x03\x9b\xef\xc9\xcd.\x95\xb4/\xba\xe5(\x9ak5\xff\
\xcb\xe8\x08\xd47\x06\x00NZ\xfb\xf2\xeeK$=3\
\xba\xe3(jr{\xd1\xae\x81\xde_D\x87\xa0\xbe\x8d\
m\xdf\xfc+w].)\x8fn9\x8a\xdfY\x5c\xe9\
\xba8:\x02\xf5\x8b\x01\x80\x93bf\xe6\xd2\x87\xa2;\
\x8e\xe1\xad#\x83\x9b\xbf\x1b\x1d\x81\xc60:\xd8\xf3m\
\x99\xde\x11\xddq4\xb9\xd9\x87\xf9Z N\x16\x03\x00\
'\xa5\xad\xd2u\x99\x5c\xeb\xa3;\x1e\xc2\xf4\xed\xd1\xc1\
^.\x8dbZ\x8d\x0e\xf4~\xc0\xa5oDw\x1c\xc5\
\xe3Z:\xce~nt\x04\xea\x13\x03\x00Sff%\
\x97\xde\x15\xddq\x14\xbd6^\xbb\x82G\xfab\xba\xb9\
\xbb\x97\xab\xfa}I\x9b\xa3[\x8ed\xae\xf7\x9a\x19\xaf\
\xe5\x982~h0e\xad\x1d]\xbf'iut\xc7\
\x11\xf6f\x99?wx\xb8oOt\x08\x1a\xd3\xce\x9d\
=\xf7\x9aJ\x97I\xba/\xba\xe5\xc1\xec\xd1\xad\xcb\xce\
~at\x05\xea\x0f\x03\x00Sbf%\xb9\xfe\x22\xba\
\xe3H\xe6\xfa\xd3]\xfd\xbd=\xd1\x1dhl\xc3\x03w\
\xdc!\xe9\xcf\xa3;\x8e\xe4f\xef6\xbb\xa8\x1c\xdd\x81\
\xfa\xc2\x00\xc0\x94\xb4T\xba\xae\x90\xd4\x15\xddq8\x93\
\x7fsx\xb0\xe7s\xd1\x1dH\xc3\xc8@\xcf'%]\
\x1b\xddq8\x93\xcen\xed\x18xqt\x07\xea\x0b\x03\
\x00'\xcc\xcc\xccdE\xfb\xebg\xfbd){Ut\
\x04\xd2R\xcd\xfc\x0f$\x0dDw<\x88\xebM|#\
\x00S\xc1\x00\xc0\x09k\xad\x9c\xfdL\xc9\xd7Dw\x1c\
\xce\xcc^\xbeg\xdb\xe6\xe1\xe8\x0e\xa4eO\x7f\xef.\
\xc9_\x11\xddq\x84s\xda\x96w?-:\x02\xf5\x83\
\x01\x80)(\xd6_\xff&\xff\xfb\xe1\xed\x9b\x7f\x10\xdd\
\x814\x8d\x0c\xf4~O\xa6\xff\x13\xddq8\xaf\xf9\x9f\
E7\xa0~0\x00pBZ\x97u\xad\x97tat\
\xc7avM(\x7fct\x04\xd2V5\x7f\xbd\xa4\x9d\
\xd1\x1d\x0f0=\xbd\xf5\x8c\xb3\x1f\x13\x9d\x81\xfa\xc0\x00\
\xc0\x09\xb1\x92\xbdIRq\xde_t\x7f\xdd\xbd\x03}\
\xc5y\xe1E\x92\xf6\xf4\xf7\xeery\xb1\xae\x8c\xd5J\
o\x88n@}\xe0i\x80xXK\x97\xae\xadTK\
\xd5\xffPQ\x1e\xfa\xe3\xfa\xe1\xc8`\xcf3\xa23\x80\
\xfb\xb5wt\xff\xc8\xa5\xa7Fw\x1c21\xe9\xd5\x95\
\xf7\x0e\xde\xb5#:\x04\xc5\xc6\x15\x00<\xacjV\xfb\
}\x15\xe5\xe4/U\xa5\x8c\xf79Q0\xb5\xd7I\xaa\
FW\x1c\xd2\xdcd\xe5\x97EG\xa0\xf8\x18\x008\xae\
\x83\xdf\xfc\xcb_\x1e\xddq?3\xfd\xef\x91\xc1M\x1b\
\xa3;\x80\xc3\x0d\x0f\xf4m\x92\xf4\xd9\xe8\x8e\xfb\xb9\xf4\
\x0a\xbe\x12\x88\x87\xc3\x00\xc0q\x9d\xbe\xec\xec\xa7Jv\
Vt\xc7!\xa3\x93\x99\xbd':\x028\x9aZ\xb9\xfc\
6I#\xd1\x1d\xd2\xc1\x1b\x03\xb5t\xaczrt\x07\
\x8a\x8d\x01\x80\xe3\xca,+\xccw\x9d\xcd\xfc\xbd|\xe7\
\x1fE\xb5{\xeb\xc6\x11\x15\xe8\x11\xd9\x96g\xaf\x8cn\
@\xb1\xf1!@\x1c\xd3\xa23V\xb7\x97k\xde/i\
Nt\x8b\xa4\x81\xf9\xe5}\x8f\xda\xbau\xeb\xfe\xe8\x10\
\xe0XV\xae\x5c9o_u\xfe]\x92\x96G\xb7H\
:\x9077/\x1f\xfb\xcdm\xa3\xd1!(&\xae\x00\
\xe0\x98\xca5\xfd\x9e\x8aq\xf2\x97\xe4\xef\xe3\xe4\x8f\xa2\
\xdb\xbau\xeb~w}$\xba\xe3\x90\xb9\xa5\xc9\xc9\xcb\
\xa2#P\x5c\x0c\x00\x1cOQ^<\xfectA\xce\
\xc3~P\x17\xc6\x16\xd6\xfeN\xd2\xd6\xe8\x0eI\x92;\
\x8f\x09\xc611\x00pTK\x96t/\x97\xfc\x82\xe8\
\x0eI\x92\xd9\x07\xbc\xafo<:\x038\x11\x07\x7fV\
\xfd\xc3\xd1\x1d\x92\xe4\xd2\x85\xcb\x96\x9d\xb3,\xba\x03\xc5\
\xc4\x00\xc0QUK\xbaL\x05\xf8\xf90i\xc7\xfc\xd2\
\xde\xab\xa3;\x80\xa9\x98\x97-\xfc\x82\xa4]\xd1\x1d\x92\
J\x93\xd9\xc4\x0b\xa2#PL\xe1/\xf0(&\xcbT\
\x88K\x87\xb9\xfc\x13\xbc\xf7\x8fz\xd3\xdf\xbf\xe1>\x93\
>\x19\xddq\x90\x15\xe2w\x19\xc5\xc3\x00\xc0C\xb4\x9f\
\xb1\xea\x0c\xb9~+\xbaC\xd2\xfe\xaa\xf2\x82\xbc\x88\x02\
SS\xce\x9b>!\xe9@t\x87\xa4'\x1f|K\x0f\
x0\x06\x00\x1e\xc2k\xa5\xe7\xa8\x08?\x1b\xee_\xe2\
\x81?\xa8WCC\xb7\x0f\xb9\xe9\xcb\xd1\x1d\x92\xb2\xbc\
\xc9.\x8d\x8e@\xf1\xc4\xbf\xc8\xa3\x88\x9e\x19\x1d I\
y\xa9\xf4\xa9\xe8\x06\xe0T\xb8T\x8c\x9f\xe1\x5c\x97D\
'\xa0x\x18\x00x\x10[\xbb\xb6Y\xd2E\xe1\x1d\xd2\
\x86\xb1\xfeM7Gw\x00\xa7bl{\xcf\x06\xc9~\
\x1d\xdd\xe1\xe6\x17\x1f\xfa\xdd\x06\x1e\xc0\x00\xc0\x83\xb4\xef\
\x9a\xfc\xaf\x92\x16Dw\xc8\xec3\xd1\x09\xc0\xf4(\xc4\
=,\x16\xb6\x0c\xd7~;:\x02\xc5\xc2\x00\xc0\x83\xd4\
,+\xc2\xe5\xff}\x1a\xaf\xfect\x040-\xc6\xab\
_\x96t_t\x86\xc9\x8b\xf0\xbb\x8d\x02a\x00\xe0A\
L\x05x\xaf\xd0\xf5\xad\xe1\xe1\xbe=\xd1\x19\xc0t\x18\
\x19\xb9{\xb7\xa4\xefDw\xa8 \x9f\xedAq0\x00\
\xf0\x80\x83w\x0c\xf35\xd1\x1d\x92}5\xba\x00\x98N\
n^\x84\x9f\xe9\xb5\x0b+g-\x8d\x8e@q0\x00\
\xf0\x80j\xa9\x1a\x7f\xeb_\xd7\xd8\xe8\xc2\xea\xff\x8b\xce\
\x00\xa6S\xcb\x9c\x89\xefK\xda\x1d\x9cae\x95\x9f\x14\
\xdc\x80\x02a\x00\xe0\x01y\xae\xf3\xa3\x1b\xcc\xf4-\xee\
\xfb\x8fF\xb3e\xcb\x96\x03\xf2\xf8\xb7\x01\xcc\xe2\x7f\xc7\
Q\x1c\x0c\x00<\xc0,\x0f\xff\xeb\xc0\x95\x7f#\xba\x01\
\x98\x09.]\x13\xdd \x06\x00\x0e\xc3\x00\x80$i\xe5\
\xca\x95\xf3${\x5cp\xc6\x81y\xd9\xa2\x1b\x82\x1b\x80\
\x191Gs\xae\x97\x14{u\xcbungg\xe7\xdc\
\xd0\x06\x14\x06\x03\x00\x92\xa4\xbd\xb5y\x8f\x97\x14}\xa3\
\x90\x9f\xf4\xf7o\x08\xff\xba\x140\x13\x06\x07o\xddg\
\xd2M\xc1\x19svO\xcc97\xb8\x01\x05\xc1\x00\x80\
$)\xf3\xd2\x13\xa2\x1b\xdct]t\x030\xb3\xec\xfb\
\xe1\x05\xeeO\x8cn@10\x00 Ir\xf7\xf5\xd1\
\x0deS\xf8\x8b#0\x93\xdc-~\xe4\xba\xd6E'\
\xa0\x18\x18\x008\xc8\xc2_\x14\xb6\xef\xec\xef\xe9\x0dn\
\x00f\xd4\xc8\xe0\xa6\x8d\x92\x06#\x1b\x5cvN\xe4\xf1\
Q\x1c\x0c\x00\xc8\xec\xbc&I\xdd\xc1\x197\x06\x1f\x1f\
\x98\x15\xe6\xf6\xb3\xe0\x84G\x9b]T\x0en@\x010\
\x00\xa0\xd6e\xfb\xba\x15\xfc\x01@w\xfd4\xf2\xf8\xc0\
\xac\xb1\xf8\x0f\x02\xb6U\xb6\x9d\x1d\xdc\x80\x02`\x00@\
\xca<\xfa\xf2\xbf<\x0b\x7fQ\x04f\x87[\xfc\xcf\xba\
g\xbc\x0d\x00\x06\x00$\xc9\x1f\x1d\x1c\xb0\x7f\xf7\xc0\x82\
[\x83\x1b\x80Y1\xb28\xbbY\xd2\x81\xd8\x0a[\x1b\
{|\x14\x01\x03\x00\x92\xdb#C\x0f/\xdd\xee\xbea\
2\xb2\x01\x98-\xbeq\xe3\x84Iw\x846d\x0a\xfd\
\x9dG10\x00 \x97:C\x03L\xb7\x85\x1e\x1f\x98\
u~{p\xc0\x99\xc1\xc7G\x010\x00\xa0,\xfa\xc5\
 W\xf4\x8b!0\xbb,\xf8g\xde\x83G?\x0a\x81\
\x01\x90\xb8Je\xfd|\x97\x96\x84F\x98q\x05\x00I\
\xb1<\xfc\xaaW\x85g\x02\x80\x01\x90\xb8I\xbb\xef\x11\
\x92,\xb2\xa1\xea\x93\x9b\x22\x8f\x0f\xcc6\xab\x95B?\
\x03 \xc9\xee\x9dh>3\xb8\x01\xc1\x18\x00\x89se\
g\x06'\xec\xbdw\xf0\xae\x1d\xc1\x0d\xc0\xac\xda\xb5k\
\xf3\xa0\xa4\xd0\x07_\xb9\xdb\x99\x91\xc7G<\x06@\xe2\
\xcc\xb5<8\xe1\x9e\xe0\xe3\x03\xb3\xce\xdd]\xd2o\x22\
\x1brWG\xe4\xf1\x11\x8f\x01\x908\x97\x16\x07'l\
\x09>>\x10\xe5\x9e\xc8\x83[\xfc\xef>\x821\x00R\
g\xd6\x1e\x1b\xe0\xf7\xc4\x1e\x1f\x08\x13=~\x83\x7f\xf7\
\x11\x8d\x01\x908\x97\xdab\x0b\xac?\xf6\xf8@\x10\xb7\
m\xb1\x87g\x00\xa4\x8e\x01\x90\xb8\xe8\xcb\x80\xe6\xda\x19\
y| \x8ae\xf9\xae\xc8\xe3gy\xf4\xd5?Dc\
\x00\xa4\xceb\x07@.\x0dG\x1e\x1f\x88\x92+\x0b\xfd\
\xd9ws>\x03\x908\x06@\xea\xdcZ\x22\x0fo\x99\
\x8fD\x1e\x1f\x08\xe3\xe1\xe3\xb75\xf8\xf8\x08\xc6\x00H\
\x9e\x87\xde\x0d,3\xde\x02@\x9a2e\xa1o\x01\x98\
iN\xe4\xf1\x11\x8f\x01\x80\xa6\xc8\x83\xbb\xe5{#\x8f\
\x0fD\xf1\xcc\xee\x0d=\xbe3\x00R\xc7\x00H\x9c)\
\xf6E`\xa2\xa6\xf1\xc8\xe3\x03Q\xca\x93\x9a\x08Nh\
\x0e>>\x821\x00\x12\xe7\xc1\x03\xa0i<\x8f~\x11\
\x04BL\xcc\xcb\xa2\xc7/W\x00\x12\xc7\x00@\xe8_\
\x01\xf3\xe7O0\x00\x90\xa4\xf9\xd5f\x06\x00B1\x00\
\x10:\x00\xb6m\xdb\xc6\x00@\x92\xb6o\xff\x15\x03\x00\
\xa1\x18\x00\x00\x00$\x88\x01\x80\xd0\xbf\xc0\xcf8\xe3\x0c\
>\x88\x84$-_~n\xf4_\xe0\xd1W \x10\x8c\
\x01\x80\xd0\x01\xb0o_3\x03\x00I\xdaW\x9e`\x00\
 \x14\x03 q\x16\xfc\x2209'c\x00 I\xcd\
\xfbs\x06\x00B1\x00\x12\xe7\xc1/\x02\xcd%>\x88\
\x844U\x9b\xc2\xbf\x87\xcf\x07p\x13\xc7\x00\xc0d\xe4\
\xc1-\xb7\x85\x91\xc7\x07\xc2\xd4\xf2E\x91\x877\xe3\x0a\
@\xea\x18\x00\xc9\xb3\x03\x91G\xcfe<\x91\x0cIr\
\xf3\xd0\xc7\xf1\xba3\x00R\xc7\x00H\x9d\xfbh\xe8\xe1\
M<\x93\x1cI\xca\x82\x1f\xc5-\x19O\xe2L\x1c\x03\
 u\x99B\x9fH\x96\xd5\x8c\x01\x80T\x85\xfe\xec\x9b\
\xf2\xd0\xdf}\xc4c\x00$\xce\x83\x9fI\xee\xe1\x7f\x05\
\x011<\x8f\x1d\x00\xb9q\x05 u\x0c\x80\xc4\x99b\
\xaf\x00H\xbe\x22\xf6\xf8@\x10\xf33B\x0f/\xdf\x19\
y|\xc4c\x00 \xf4\x0a\x80\xa4\xce\xe0\xe3\x03QB\
\x7f\xf6\xcd\xb3\xe8\xdf}\x04c\x00$\xce\x82\xdf\x02\x90\
\xec\xcc\xd8\xe3\x03aB\x07@\x1e?\xfe\x11\x8c\x01\x90\
87\x1f\x08N83\xf8\xf8\xc0\xac33\x93\xf4\x88\
\xc8\x86\xcc|0\xf2\xf8\x88\xc7\x00H\x9c)\xbf'8\
a\xc1\xc2\xcaYK\x83\x1b\x80Y\xb5x\xf1\xea\x8a\xa4\
y\x91\x0df~O\xe4\xf1\x11\x8f\x01\x90\xb8\xd3\xca\x07\
\xb6H\xf2\xc8\x86\x92\xcak#\x8f\x0f\xcc\xb6<S\xf4\
\xcf\xbc/l\x9e\xb8'\xb8\x01\xc1\x18\x00\x89\xdb\xbau\
\xeb~\x93B?\x0dl\xd29\x91\xc7\x07f]\xe6\xeb\
\x82\x0b\x06\xb6l\xd9\x12z\x17P\xc4c\x00@.\xdb\
\x12\x1a\x901\x00\x90\x9a<\xf6g\xdetO\xe8\xf1Q\
\x08\x0c\x00H\x0a~/\xd0\x15\xfd\xd7\x100\xab\x5cY\
\xec\xcf|\xae\xd8\xd1\x8fB`\x00@2\xbf;\xf4\xf0\
\xd2Z\xb3\xf3\x9a\x22\x1b\x80\xd9bk\xd76K\xbe:\
\xb4\xc1\xf4\xef\x91\xc7G10\x00 \xe5\xd9\xc6\xe0\x82\
y\xed\x95{\x1f\x1b\xdc\x00\xcc\x8a\xb6\x9d\xb5\xf3$\xcd\
\x0d\xce\xb8=\xf8\xf8(\x00\x06\x00$Y\xf8\x8bA\xcd\
\xec\xb7\xa3\x1b\x80\xd9\xe0\x99\x9f\x1f\xdd`\x99\x87\xff\xce\
#\x1e\x03\x00\x1a\x1dZ\xd6#\x05?\x1b\xdc\x15\xfe\xa2\
\x08\xcc\x0a\x0b\xffY?0\xbc\xfd\xce\xbe\xe0\x06\x14\x00\
\x03\x00r\xbf\xa1*\xd7\xe6\xc8\x06\x93.\x88<>0\
\x1b\xcc\xcc\xcc\xf5\xa4\xd0\x06\xe9\x0ew\xafE6\xa0\x18\
\x18\x008\xc8\xec\xb6\xe0\x82\xca\xe2\x15]\xdd\xc1\x0d\xc0\
\x8cj]\xdau\x8eK\xd1w\xbe\x8c\xfe]GA0\
\x00 I\xb2\x02|(\xc8]\xcf\x8cn\x00fT\xa6\
gD'\xc8<\xfaC\xbf(\x08\x06\x00$In\xf9\
\xcf\xc3\x1br\xbb$\xba\x01\x98a\xf1#\xb7\x96\xfd[\
t\x02\x8a\x81\x01\x00I\xd2\xe8\xfc\xfc\x17\x8a\xfe \xa0\
\xe9)\x95\xca\xfa\xf9\xa1\x0d\xc0\x0c9\xf4\xb3\x1d\xfdm\
\x97\xf1E\xa7\x1d\xb89\xb8\x01\x05\xc1\x00\x80$\xc9\xfb\
\xfa\xc6%\xffup\xc6\x9c\x09M\x5c\x14\xdc\x00\xcc\x88\
\xf1\xd2\x81\xa7I\x9a\x13\x1a\xe1\xda\xc03\x00p?\x06\
\x00\x1e\xe0\xd2M\xd1\x0d2]\x16\x9d\x00\xcc\x04s\xbd\
0\xbaA\xa6\x1b\xa3\x13P\x1c\x0c\x00\xfc'+\xc0\x00\
\x90?\xb7\xb3\xb33\xfa.i\xc0\xb4\xea\xec\xec\x9c+\
\xb7gGw\xc8\xad\x00\xbf\xe3(\x0a\x06\x00\x1eP\xcd\
kExqX4\xb6\x7f\xce\xd3\xa3#\x80\xe9\xb4g\
|\xee\xb3%-\x0a\xce\xf0I\xab\xf2\x01@<\x80\x01\
\x80\x07\xdc;x\xd7\x0e\xc9\xef\x88\xee\xb0L/\x8an\
\x00\xa6\x93\xbb\xc7\xffL\x9bn\xbbw\xa0ogt\x06\
\x8a\x83\x01\x80#\xd8\xf7\xa3\x0b\xe4z^kggK\
t\x060\x1d\xda\xda\x1eu\xba\xa4\xf8\xcb\xffE\xf8\xdd\
F\xa10\x00\xf0 \xb9\xfbu\xd1\x0d\x92\xe6\xd9\xf8\x9c\
\x17GG\x00\xd3bN\xf3K%\x9d\x16\x9d\xe1\xae\x22\
\xfcn\xa3@\x18\x00x\x90\xdd\x8b\x9b\xfeU\xd2\xbd\xd1\
\x1d\x92\xfe0:\x00\x98\x16\xee\x7f\x10\x9d i\xcf\xd8\
\xe0\xfc\x9fFG\xa0X\x18\x00x\x10\xdf\xb8qB\xd2\
\x0d\xd1\x1dr\xadoY\xb1\xe6q\xd1\x19\xc0\xa9X\xdc\
\xd1\xf5x\x99\x1e\x13\xdda\xf2\xeb\xdd7LFw\xa0\
X\x18\x00x(S!\xde+\xccj\xceU\x00\xd4\xb5\
\x9a\xd9\xab\xa3\x1b$I\xc6\xe5\x7f<\x14\x03\x00\x0f\x91\
\x95\xfc;\x92\xf2\xe8\x0e\x99\xbfta\xe5\xac\xe8'\xa7\
\x01'e\xd9\xb2s\x96\x99\xeb\xf2\xe8\x0eIy6Y\
\xfant\x04\x8a\x87\x01\x80\x87\xd8\xb5\xb5\xb7_R\x11\
\xde/\x9c\xdblM\xaf\x89\x8e\x00N\xc6\xa4M\xbeN\
R\x11nj\xf5\x93\x9d;7\x0dDG\xa0x\x18\x00\
8*w\xfbZt\x83$\xb9\xfcu< \x08\xf5f\
\xc5\x8a\xf3N\x93\x15\xe4\x83\xac\xa6B\xfc.\xa3x\x18\
\x008\xaar\xcd\xaeQ\x11\xde\x06\x90\xda&l\xfc\x8a\
\xe8\x08`*\xee\xab\xed\xfb\x03I\xed\xd1\x1d\x92\xaa\x93\
y\xf5\x9b\xd1\x11(&\x06\x00\x8e\xea\xd0%\xc3\x7f\x89\
\xee8\xe4\xcd\xb6jU\xecS\xd4\x80\x13\xd4\xd9\xd99\
\xd7\xcc\xdf\x14\xdd!In~\xc3\xc1;|\x02\x0f\xc5\
\x00\xc0\xf1\x14\xe5\xd2\xe1\x7fi\xdd[~et\x04p\
\x22\xf6\x8c7\xff\x91\xa43\xa2;$)\xcb\xed\xab\xd1\
\x0d(.\x06\x00\x8e\xa9Z\xb2\xafI*\xc8\xb3\xc3\xfd\
\xad+V\x9c\x17~75\xe0x*\x95\xf5\xf3s\xd7\
U\xd1\x1d\x87\xec\xaf\xcdi\xe6\xf2?\x8e\x89\x01\x80c\
\xda\xb3m\xf3\xb0\xcc\xbf\x15\xddqH\xc7\x81|\xdf\x1f\
EG\x00\xc73a\xe3\xaf5\xd9\xb2\xe8\x8eC\xae\x19\
\xfb\xcdm\xa3\xd1\x11(.\x06\x00\x8e+\xcf\xed\xb3\xd1\
\x0d\xf7s\xf9\xdb\x16\xad\xe8Z\x1c\xdd\x01\x1c\xcd\xa1{\
V\xbc%\xba\xe3\x01\xe6\x9f\x89N@\xb11\x00p\x5c\
\xbb\x87zo0S_t\xc7!\xad\xe5\xdc\xde\x1d\x1d\
\x01\x1cM\x93\x9a\xde'\xe9\xf4\xe8\x0eIr\xe9\xce\xd1\
\x81;o\x8c\xee@\xb11\x00p\x5c\xee\xee\x9e\xfb\xe7\
\xa3;\x0e\xf3\xea\xb6\xca\xeas\xa2#\x80\xc3\xb5\x9eq\
\xf6cd\xfe\xf2\xe8\x8e\xfbe\xb2\xcf\xb8\xbbGw\xa0\
\xd8\x18\x00xXM\xde\xfc\x05IEy\x90H\xc93\
},:\x02\xb8\x9f\x99\x99\xd5\xb2\x8fK*E\xb7\x1c\
21\xe1\x93WGG\xa0\xf8\x18\x00xXCC\xb7\
\x0f\xc9U\x98\xaf\x13\x99\xfb\xc5m\x95\xd5\xff#\xba\x03\
\x90\xa4\x96J\xf7\xcb$]\x18\xddq?\x93\xff\x1f\xbe\
\xfb\x8f\x13\xc1\x00\xc0\x89q\xfd\xa5\xa4\xe2\x5cR4\xff\
\x1b\x1e\x14\x84h\x8bVt-6\xf9G\xa2;\x0e\x97\
\xe7\xfa_\xd1\x0d\xa8\x0f\x0c\x00\x9c\x90\x91\xa1\x9e\xdb\xdc\
\xecG\xd1\x1d\x87io\xb2\xf2_EG m\xe5<\
\xfb[IK\xa2;\x0es\xdd\xe8P\xef\xad\xd1\x11\xa8\
\x0f\x0c\x00\x9c\xb0L\xfe\xd1\xe8\x86#\xbc\xb4}y\xf7\
%\xd1\x11HS[e\xf5\xa5\x92\xbf8\xba\xe3p\x99\
\x17\xeew\x14\x05f|P\x14S\xd1\xb6\xbc\xfb\x16\xb9\
\xd6Gw\xdc\xcf\xe5C\xcdy\xf3\xfa\xa1\xa1\xdb\x87\xa2\
[\x90\x8e\x85\x1d\xab\x964\xa9t\x9b\xa4Jt\xcba\
n\x1b\x1d\xec}\x0c\x9f\xfe\xc7\x89\xe2\x0a\x00\xa6\xc4\xdd\
>\x1e\xddp8\x93-\x9b,M~*\xba\x03\xe90\
3kR\xf9\x0b*\xd6\xc9_r\xfb0'\x7fL\x05\
W\x000%fVj\xadt\xdd!\xa9+\xba\xe5p\
f\xf6\xea\xe1\xed\x9b?\x1d\xdd\x81\xc6\xd7\xd6\xb1\xfa\xb5\
\x92\xffmt\xc7\xe1\x5c\xbasl\xb0w\x8d\xbb\xd7\xa2\
[P?\xb8\x02\x80)q\xf7\x9a\xdc\xde\x13\xddq$\
w\xffX{\xc7\xaa5\xd1\x1dhlm\xcb\xba\xd7\xa9\
`\x9f\xfa\x97\xa4Lz;'\x7fL\x15W\x000e\
f\x96\xb5V\xba~-i]t\xcb\xe1\xcc\xd4\xe7\x07\
&\x1f?2r\xf7\xee\xe8\x164\x9e\xd6\xce\xce\x16;\
\xd0\xfcK\xc9\xce\x8an9\xc2\xc6\xd1\xc1\xde\xf5\xee\x9e\
G\x87\xa0\xbep\x05\x00S\xe6\xee\xb9I\xef\x8d\xee8\
\x92\xbbViN\xd3\xd5ff\xd1-h,ff\xd9\
\xfe\xb9\x9f/\xe0\xc9_\xee\xfa\x0bN\xfe8\x19\x0c\x00\
\x9c\x94\x91\xc1\xdeo\xc8uKt\xc7Q\xfcN\xeb\xb2\
\xee7GG\xa0\xb1\xb4T\xce~\xbb\x9b?/\xba\xe3\
H&\xfdjl\xa8\xf7\xda\xe8\x0e\xd4'\x06\x00N\x8a\
\xbb\xbb\x95\xec\xaa\xe8\x8e\xa32\x7fok\xa5\xfbw\xa2\
3\xd0\x18Z\x97\xaf~\xbe\xc9\xde\x19\xddq45\xd7\
\x9b\xf8\xe4?N\x16\x9f\x01\xc0)i\xeb\xe8\xbeV\xd2\
s\xa2;\x8eb\xbfy\xf6\xd4\xe1\xc1M\xff\x16\x1d\x82\
\xfa\xd5\xb2\xbc\xfb\xbc\xcc\xf5\xcf\x92\xe6G\xb7\x1c\xc9\xe4\
\xdf\x1c\x1e\xe8}At\x07\xea\x17W\x00pJ\xf2\xbc\
\xf6\x06I\xe3\xd1\x1dG1\xcf-\xbf\xb6e\xd9\xaaG\
E\x87i\xb6\xdf\xf4\x00\x00\x0e\xb7IDAT\xa0>\
\xb5T\xba;\xcd\xfd\xbb*\xe0\xc9_\xd2D\xb5V\xe2\
\xad.\x9c\x12\x06\x00N\xc9\xd8P\xdf\xdd\x92\x0a\xf5\x9d\
\xe8\xc3,\xc9\xb2\xf2\xb5\xa7\xaf\x5c\xdb\x16\x1d\x82\xfa\xb2\
hE\xd7\xe2\xcc\xf4=\x93-\x8bn9*\xb3\x8f\xed\
\xde\xb1\xa9/:\x03\xf5\x8d\x01\x80SV\xaa\xea=\x92\
\x06\xa3;\x8e\xce\xd7\x94&\xab?j\xed\xecl\x89.\
A}ho_\xb5\xa8)\xb7\xefK\xea\x8en9\x1a\
\x97\x0f\xd9x\xf5\x83\xd1\x1d\xa8\x7f\x0c\x00\x9c\xb2\x9d;\
{\xeeu\xe9\xad\xd1\x1d\xc7dz\x8c\x1d\x98s\xed\x8a\
\x15\xe7\x9d\x16\x9d\x82b\xabT\xd6\xcf\xf7\xa6\xd2\xf7\x5c\
:/\xba\xe5\x98Lo\x1c\x1e\xee\xdb\x13\x9d\x81\xfa\xc7\
\x00\xc0\xb4\x18\x1b\xec\xfd\xa2I?\x8e\xee8\x8e'\xef\
\xaf\xed\xfd\x96\xadZ5':\x04\xc5\xd4\xd9\xd99w\
<\x9b\xf8'\x99\xce\x8fn9\x167\xff\x7fc\x03w\
~9\xba\x03\x8d\x81\x01\x80i\xe1\xee^s\xbdB\xd2\
\xbe\xe8\x96c2=\xbduo\xe9\xba\xa5K\xd7.\x88\
NA\xb1\xacXq\xdei\xbb\xf7\xcf\xf9\xb6\xb9_\x1c\
\xddr\x1c\xf7y-\xff#\xbe\xf6\x87\xe9\xc2\x00\xc0\xb4\
\x19\x1b\xec\xd9\xa2\x02\xde!\xf0\x08\x17VK\xd5\xef\xb7\
\xb7\xafZ\x14\x1d\x82bhk{\xd4\xe9\xfbk{\x7f\
(\xd3\xd3\xa3[\x8e\xc7d\xef8\xf4\xa1[`Z0\
\x000\xadF\x07;>j\xd2\xaf\xa2;\x1e\xc6\x05j\
.\xfdx\xd1\x8a\xae\xc5\xd1!\x88\xd5\xf2\x88u\xad\x9a\
\xd3\xfc\x83\x22_\xf6\x97$\xb9n\x19\x19\xac\xfcut\
\x06\x1a\x0b\x03\x00\xd3\xca\xfd\x86j-\xcb^%i2\
\xba\xe5x\x5c:\xb7\x9cg?i\xedX}ft\x0b\
b\xb4T\xba\x1e\x99ML\xfcT\xf2'F\xb7<\x8c\
\x09w\xbf\xd2\xfd\x86jt\x08\x1a\x0b\x03\x00\xd3n\xac\
\x7f\xd3\xcdr{Wt\xc7\xc3\xf35&\xffe\xdb\x8a\
\xeeb\xff\xf5\x87i\xb7\xb8\xa3\xeb\x09f\xfa\xa9\x0a\xfa\
U\xbf#\xbc}t\xa8\xf7\xd6\xe8\x084\x1en\x05\x8c\
\x19q\xe8\x91\xc1\xd7K\xba(\xba\xe5\x04\x1c0\xe9e\
\xc3\x03=_\x8b\x0e\xc1\xcck]\xde\xf5<s\xfb\xb2\
\xa4:\xf8Z\xa8\xfd\xcb\xe8`\xcfS\xdd\xbd\x16]\x82\
\xc6\xc3\x15\x00\xcc\x08w\xcf\x95\x95\xaf\x94k,\xba\xe5\
\x04\xccu\xe9\x1f\xda\x96w\xbf\x8dG\x097.3\xb3\
\xd6\x8e\xee\xb7\x9b\xdb5\xaa\x8b\x93\xbfF\xacT\xbd\x9c\
\x93?f\x0aW\x000\xa3\xda;\xba\xff\xbbK_\x8f\
\xee8q\xf6\x7f}\xee\x81\x97\x8cn\xd9R\x0f\xc3\x05\
'\xa8\xbd}\xd5\x225\x95\xbfX\xc4G\xfa\x1e\x8b\xb9\
\xbfxx\xb0\xf7\xab\xd1\x1dh\x5c\x0c\x00\xcc\xb8\xf6\x8e\
\xae/\xba\xece\xd1\x1d'\xca\xa5;3\x95\x9e?<\
p\xc7\x1d\xd1-8um\xcb\xba\xd7)\xf3oHv\
Vt\xcb\x09s\xfb\xcc\xc8\xe0\xe6WEg\xa0\xb1\xf1\
\x16\x00f\xdc\xa2\xb9\x13\x7f(\xe9\xe6\xe8\x8e\x13e\xd2\
\xd9\xae\xda/[+\xdd\xaf\xe7-\x81\xfa\xd6\xda\xd1u\
\x852\xfd\xb4\xbeN\xfe\xbae~\xd3\xde\xd7Gg\xa0\
\xf1q\x05\x00\xb3\xa2u\xf9\x9aG\x98\xe7\xbf\x92\xd4\x1e\
\xdd2E?(\xd7\xcaW\xee\xd8\xb1\xb1\xa0\x0f;\xc2\
\xd1,\xecX\xb5\xa4I\xa5\xcfIzNt\xcb\x14\x8d\
\xe4\xae\xf3\x0e\xddT\x0b\x98Q\x5c\x01\xc0\xac\x18\xdd\xbe\
\xe97\x92_!)\x8fn\x99\xa2gTK\xd5_\xb7\
ut=+:\x04'\xa6\xad\xb2\xfa\xd2\xb2\xb2\xdbU\
\x7f'\xff\x9ae\xf6{\x9c\xfc1[\xb8\x02\x80Y\xd5\
\xda\xd1\xf5NS=\xdc#\xe0\xa8\xbe>\xe9\xd5\xd7\xde\
;x\xd7\x8e\xe8\x10<\xd4\xc2\xcaYK\x9b\xac\xfcW\
\x92^\x1a\xddrR\xdc\xde:2\xb8\x99\xc7\xfcb\xd6\
0\x000\xab\xcc,k\xed\xe8\xfa\xa6\x5c\xbf\x1b\xddr\
\x92v\xb9\xf9\xff\x1c\xdd\xde\xfb\xa5\xe8\x10\x1cdf\xd6\
R\xe9\xbe\xc2\xe4\x1f\x93\xd4\x16\xdds2\x5c\xfa\xc6\xd8\
`\xefe<\xe8\x07\xb3\x89\x01\x80YW\xa9\xac\x9f?\
i\xe3\xff\x5c\xe8g\xae?\x0c\x93~\xec\xb9\xde02\
\xd4s[tK\xcaZ\xcf8\xfb1V\xcb>.\xe9\
\xc2\xe8\x96\x93g?\x9f_\xde{\xd1\xd6\xad[\xf7G\
\x97 -\x0c\x00\x848\xf4!\xad\x9fIzTt\xcb\
)\xc8%}e\xd2\xab\x7f\xce\xdb\x02\xb3k\xd1\x19\xab\
\xdb\x9br\x7f\x87\xbb\xfeXR)\xba\xe7\x14li\xca\
\x9b\x9e44t\xfbPt\x08\xd2\xc3\x00@\x98\xf6\x8e\
Uk\xdcK7\xc9\xd4\x12\xddrJ\x5cc2}`\
^\xb6\xe0\x13\xfd\xfd\x1b\xee\x8b\xceid\x95\xca\xfa\xf9\
\x136\xfeZIo\x91tzt\xcf)\x1a\xc92?\
\x7fW\x7foOt\x08\xd2\xc4\x00@\xa8\xd6\x8e\xd5O\
1\xf9\x0f$\xcd\x89n\x99\x06;%}t~y\xdf\
\xdfp9wz\xd9\xda\xb5\xcdm#\xb5+\xdd\xfd]\
\x92:\xa2{\xa6\xc1d\xee\xfe\xcc\xb1\xc1\xde\x1fE\x87\
 ]\x0c\x00\x84k\xaft\xbd\xc8\xcd\xbe\xa2\xfa\xbe\x94\
{\xb8m\x92\x7fh^\xb6\xf0\x0b\x5c\x1185\x95\xca\
\xfa\xf9\xe3\x9ax\xb9\xc9\xaf\x92iEt\xcf4\xa9\x99\
\xf4\xe2\xe1\x81\x9ek\xa2C\x906\x06\x00\x0a\xa1\xb5c\
\xf5\xcbL\xfey5\xd6\xbd)v\x9b\xe9\xef\xad\xe4\x1f\
\xd9\xb5\xb5\xb7?:\xa6\x9e,\xac\x9c\xb5\xb4\xd9\x9a^\
\xe3\xf2\xd7\xaa\xfen\x1eu<n\xee\xaf\x1a\x1e\xec\xfd\
lt\x08\xc0\x00@a\xb4VV\xbf\xce\xcc\xff&\xba\
c\x06\x1cp\xd3\x97]\xfa\xd4\xd8\xf6\x9e\x0d\xd11E\
\xb6\xb8\xa3\xeb\xf15\xb3W\x9b\xeb%j\x8c\xb7\x85\x8e\
\xe0\x7f<2\xd0\xfb\xbf\xa3+\x00\x89\x01\x80\x82i_\
\xde\xf5\x06w\xfbXt\xc7\xcc\xb1M\x92_]-\xd9\
g\xf7l\xdb<\x1c]S\x04mm\x8f:\xdd\xe66\
\xbf\xc8]\x7f(\xf9c\xa3{f\x8c\xfb[F\x06{\
?\x14\x9d\x01\xdc\x8f\x01\x80\xc2i\xefX\xfdn\x97\xbf\
#\xbac\x86\xdd'\xd9\xb5n\xf9\xd7Z\xe6L|\x7f\
\xcb\x96-\x07\xa2\x83f\xd3\xca\x95+\xe7\xed\xad-x\
\xa6\xb9\xbfH\x07o\xd9;/\xbai&\x99\xec\xdd\xc3\
\x03\x9b\xdf\x15\xdd\x01\x1c\x8e\x01\x80Bj\xabt\xbdY\
f\xa9\xdc\x16u\x8f\x5c\xd7z\xc9\xbf\xd14\xd9t\xfd\
\x8e\x1d\x1b\xf7F\x07\xcd\x84\xa5K\xd7.\x98,O>\
\xcdd\xff]\xae\xe7HZ\x18\xdd4K\xde<2\xd0\
\xf3\xe1\xe8\x08\xe0H\x0c\x00\x14V\xdb\xf2\xee?\x94\xeb\
\x13j\xac\x0f\x06>\x9c\xaa\x5c?\x97\xe9;\xb9\xd9\xf5\
\xbb\x07zn\xae\xe7\xdb\xc3\xb6T\xba\x1ei\xb2\xe7(\
\xb3K\xcd\xfd\xc9j\xc8\xf7\xf5\x8f\xc9\xdd\xf5\x86\xd1\xc1\
\x9e\xbf\x8e\x0e\x01\x8e\x86\x01\x80Bk[\xde}\xb9\x5c\
_\x94T\x8en\x89`\xd2\x0e\x97\xff\xc2\x94\xfd\xca<\
\xbfq\xe1\xbc\x89\x1b\x8b\xfav\x81\xd9E\xe5\xd3;\x06\
\xd7[\xee\x17\x98\xe9|\x93\x9e\xe2\xd2\xd2\xe8\xae 5\
\x97^9:\xd0\xf3\x85\xe8\x10\xe0X\x18\x00(\xbcC\
\xf7\x09\xb8ZRstK\x01\x1c0\xe9\x0eI\xb7\xc9\
|\xa3\xe5\xba\xcdj\xa5;v\xee\xdc40\x9b\x11K\
\x96t/\xf7\x92\xaf\xf1L\xeb\xe4:\xc7e\xeb$\xad\
\x914w6;\x0aj\xdc\xa4\x97\xf0=\x7f\x14\x1d\x03\
\x00u\xa1\xb5\xa3\xfb\x22s}\xb3\xeeo\x1b<s\xf6\
K\xb6E\xf2{$\xdb\x22\xd7vS\xbe#\xcf4,\
\xf9p\xe6M\xc35\xaf\xee\xcfK\xda\x93\x95\xe7\xd4\x9a\
\xf7\xe7\x93\xf7\x7f\xd6`\xe9\xd2\xb5\x0b&\xe6eMy\
u\xbc\x94\xd5\xb4(S\xe94\xcf\xaam\x92\xb5g\xd2\
b\xcf\xb3%2_!\xe9LI\x9d\x87\xfe\xe1D\x7f\
t#.{\xfe\xe8\xc0\xe6\x9fD\x87\x00\x0f\x87\x01\x80\
\xbaq\xfa\xd2\xb5g\x95\xcb\xd5\xef\xb9kUt\x0bp\
\x14[\xb2\xcc\x9f\xc5\xbd\xfdQ/R\xfap\x15\xea\xdc\
\xee\x1d\x1b\xef\x9a4\xffm\xb9n\x8an\x01\x0e\xe7\xd2\
/\x9a\xf2\xa6'q\xf2G=a\x00\xa0\xae\xec\xe9\xef\
\xdd5\xaf\xb4\xe0\xe9\xe6\xf6\xad\xe8\x16@\x92\x5c\xfa\xc6\
\x82\xf2\xbe\x0by\xa4/\xea\x0do\x01\xa0.\x99\x99\xb5\
V\xba\xde$\xe9\xfdj\x9c\x87\x08\xa1\xbe\xb8\xa4\x8f\x8c\
\x0e\xf6\xbe\xd5\xdd\xf3\xe8\x18`\xaa\x18\x00\xa8k\xad\x1d\
\xdd\x17e\xd2?&\xfcu3\xc4\x186\xb3\xcb\x87\xb7\
o\xfeAt\x08p\xb2\x18\x00\xa8{\xed+\xceZ\x99\
\xe7\xe5o\x98\xf4\xf8\xe8\x16\xa4\xc0~\x9d\xbb\xbf`l\
\xb0gKt\x09p*\xf8\x0c\x00\xea\xdep\xff][\
\x17\x94\xf7=\xc5$n\xba\x82\x99\xe5\xf6\x99\xd3\xe7\x1e\
\xf8mN\xfeh\x04\x5c\x01@Ci_\xbe\xfa\x05\xee\
\xfeiIm\xd1-h(\xbb\xe5\xf6G#\x83\x9b\xff\
!:\x04\x98.\x0c\x004\x9c\xf6\x15g\xad\xf4\xbc|\
\xb5\xa4\x0b\xa3[\xd0\x10n\xb0R\xed\x8a\xe1m}\xdb\
\xa2C\x80\xe9\xc4\x00@C23kY\xd6\xf5'f\
\xfa\x88\xb8\x850NN\xd5d\xef\x1f\x19\xecy\x0f\x9f\
\xf2G#b\x00\xa0\xa1\xb5\xaeX\xf5X\xcbK\x9f\x95\
\xf4\xb8\xe8\x16\xd4\x0f\x936\xe4\xb9\xbfbt\xa8\xf7\xd6\
\xe8\x16`\xa60\x00\xd0\xf0\xcc.*\xb7,\x1b\xf8c\
3\xbdO\xd2\x82\xe8\x1e\x14\xda~I\xef\x1e\x1d\xec\xfd\
+w\xafE\xc7\x003\x89\x01\x80d\xb4T\xba\x1ei\
\x99\xfe\xce\xdc\x9e\x16\xdd\x82B\xfaI\xa9d\xaf\xda\xb9\
m\xf3\x9d\xd1!\xc0l`\x00 )ff-\x95\xae\
+%\xff\xa0\xc9\x96E\xf7\xa0\x10\x06]~\xd5\xe8@\
\xef\xd5\xd1!\xc0lb\x00 I\x95\xca\xfa\xf9\x936\
\xf1F\x97_%\x1em\x9b\xaaI3}R\xe3\xb5\xb7\
\x0f\x0f\xf7\xed\x89\x8e\x01f\x1b\x03\x00I;}\xe9\xda\
\xb3J\xa5\xea\x07$]\x16\xdd\x82\xd9\xe4\xdf\xcd\xf3\xfc\
O\xc7\x86\xfa\xee\x8e.\x01\xa20\x00\x00I\x8b+]\
\x17\xe7f\x1f\x16\xdf\x16hh&m\xa8\xb9\xae\x1a\x1b\
\xec\xf9qt\x0b\x10\x8d\x01\x00\x1c\xe6\xe0\x10\xc8>\x22\
\xf9c\xa3[0\x9d\xfc\x0e\x93\xbd{d\xb0\xf7\x1a\xe7\
E\x0f\x90\xc4\x00\x00\x1e\xc2\xcc\xacuY\xf7\xa52\x7f\
\x9f\xa4u\xd1=8%\x9b]\xfe\xa1\xb1\xc1;\xbf\xc2\
\xd7\xfa\x80\x07c\x00\x00\xc7`f\xa5\xd6\x8e\xae\xdf\x93\
\xeb\x8db\x08\xd4\x17\xd7-\x92\xfd\xe5\xe8P\xcf?r\
\x17?\xe0\xe8\x18\x00\xc0\x09h[\xd1u\x81r]%\
\xd9\xb3%Yt\x0f\x8e\xc1u\x93d\x1f\x1e\x1d\xea\xf9\
.\x97\xfa\x81\xe3c\x00\x00S\xd0\xb6\xac{\x9d2\xfb\
3\xc9_,\x9e1P\x14\x13&\xff\x07\xf7\xec\xa3#\
\x83\x9bo\x8f\x8e\x01\xea\x05\x03\x008\x09-\x8fX\xd7\
Z\x9a\x9c\xbc\xcc\xdd_'imtO\x8a\x5c\xba\xd3\
\xa4\xcfOz\xf5\x0b\xf7\x0e\xde\xb5#\xba\x07\xa87\x0c\
\x00\xe0\x14\xb5,_}n\x96\xe7\xaf\x92\xd9\xe5\x92\xe6\
G\xf74\xb8qI\xd7f\xee\x9f\x1e\x1e\xba\xf3G\x5c\
\xe6\x07N\x1e\x03\x00\x98&\xf7_\x15\x90\xfb\x0b]\xba\
PR)\xba\xa9A\xd4\xdc\xec\x86,\xcf\xbf\x9a\xcf\x9b\
\xb8ft\xcb\x96\xb1\xe8 \xa0\x110\x00\x80\x19\xb0\xe8\
\x8c\xd5\xed\xa5Z\xfel\x93.\x93\xec\x12I\xe5\xe8\xa6\
:\x93\xcb\xf53\x97\xbe\xde\x94\x97\xbf\xbac\xc7\xc6\xc1\
\xe8 \xa0\xd10\x00\x80\x19\xb6dI\xf7\xf2\xbc\xc9.\
U\xaeK\xdc\xfcbI\x0b\xa3\x9b\x0aj\x8f\xc9\xaf\x97\
\xe9\xbal\xb2\xf4\xdd\x9d;7\x0dD\x07\x01\x8d\x8c\x01\
\x00\xcc\x22\xb3\xf3\x9aZ*{/0\xe9\x12\x1d\xfc'\
\xed\xfb\x0b\x98n\x95\xeb:\x97]768\xff&\xf7\
\x0d\x93\xd1I@*\x18\x00@\xa0\xf6\xf6U\x8b\xac)\
{\x82[vAn:\xdf\xdc/P\xe3>\x9d\xb0j\
\xd2\xad2\xdd$\xd7\x8d\x13\xaa\xfd\xf3\xbd\x03};\xa3\
\xa3\x80T1\x00\x80\x02\xe9\xec\xec\x9c\xbb{\xa2\xf9<\
s=A\xaeu.;G\xd2\xa3%\xcd\x89n\x9b\xa2\
\x03\x926\x99\xfc6\x99nw\xb3\x9f\x8f\x9eV\xdb\xe0\
}}\xe3\xd1a\x00\x0eb\x00\x00\x05gvQ\xb9\xbd\
\xa3\x7f\x95\xe7\xb6N\xb2\xb5\x9e\xe9\x91\x92\xce\x94\xabS\
RGp\xde\x80L[\x94k\x8b\x99\xfe]\xd2F\xb3\
\xfc\xf6\xe1\x81\x15}\xee7T\x83\xdb\x00\x1c\x07\x03\x00\
\xa8c\x9d\x9d\x9ds\xef\x9dh>3\xcf\xd5\xe9\xb2J\
&kw\xf9b7-\xb6\x5c\xed2\xb5Kj\x95t\
\xda\xa1\xff\xcb\x22\x1d\xfczb\x93\xa4\x05\x87\xfe\xb7\xbd\
\x92&%\xd5$\xed9\xf4\xbf\xdd'iT\xaea\xcf\
4l\xb2\x9d\xe6\x1a\xce\xa5]\x99\xf9\xa0\x99\xdf\xb3\xb0\
y\xe2\x9e-[\xb6\x1c\x98\xbd\x7f[\x00\xd3\x89\x01\x00\
\x00@\x82\xb2\xe8\x00\x00\x000\xfb\x18\x00\x00\x00$\x88\
\x01\x00\x00@\x82\x18\x00\x00\x00$\x88\x01\x00\x00@\x82\
\x18\x00\x00\x00$\x88\x01\x00\x00@\x82\x18\x00\x00\x00$\
\x88\x01\x00\x00@\x82\x18\x00\x00\x00$\x88\x01\x00\x00@\
\x82\x18\x00\x00\x00$\x88\x01\x00\x00@\x82\x18\x00\x00\x00\
$\x88\x01\x00\x00@\x82\x18\x00\x00\x00$\x88\x01\x00\x00\
@\x82\x18\x00\x00\x00$\x88\x01\x00\x00@\x82\x18\x00\x00\
\x00$\x88\x01\x00\x00@\x82\x18\x00\x00\x00$\x88\x01\x00\
\x00@\x82\x18\x00\x00\x00$\x88\x01\x00\x00@\x82\x18\x00\
\x00\x00$\x88\x01\x00\x00@\x82\x18\x00\x00\x00$\x88\x01\
\x00\x00@\x82\x18\x00\x00\x00$\x88\x01\x00\x00@\x82\x18\
\x00\x00\x00$\x88\x01\x00\x00@\x82\x18\x00\x00\x00$\x88\
\x01\x00\x00@\x82\x18\x00\x00\x00$\x88\x01\x00\x00@\x82\
\x18\x00\x00\x00$\x88\x01\x00\x00@\x82\x18\x00\x00\x00$\
\x88\x01\x00\x00@\x82\x18\x00\x00\x00$\x88\x01\x00\x00@\
\x82\x18\x00\x00\x00$\x88\x01\x00\x00@\x82\x18\x00\x00\x00\
$\x88\x01\x00\x00@\x82\x18\x00\x00\x00$\x88\x01\x00\x00\
@\x82\x18\x00\x00\x00$\x88\x01\x00\x00@\x82\x18\x00\x00\
\x00$\x88\x01\x00\x00@\x82\x18\x00\x00\x00$\x88\x01\x00\
\x00@\x82\x18\x00\x00\x00$\x88\x01\x00\x00@\x82\x18\x00\
\x00\x00$\x88\x01\x00\x00@\x82\x18\x00\x00\x00$\x88\x01\
\x00\x00@\x82\x18\x00\x00\x00$\x88\x01\x00\x00@\x82\x18\
\x00\x00\x00$\x88\x01\x00\x00@\x82\x18\x00\x00\x00$\x88\
\x01\x00\x00@\x82\x18\x00\x00\x00$\x88\x01\x00\x00@\x82\
\x18\x00\x00\x00$\x88\x01\x00\x00@\x82\x18\x00\x00\x00$\
\x88\x01\x00\x00@\x82\x18\x00\x00\x00$\x88\x01\x00\x00@\
\x82\x18\x00\x00\x00$\x88\x01\x00\x00@\x82\x18\x00\x00\x00\
$\x88\x01\x00\x00@\x82\x18\x00\x00\x00$\x88\x01\x00\x00\
@\x82\x18\x00\x00\x00$\x88\x01\x00\x00@\x82\x18\x00\x00\
\x00$\x88\x01\x00\x00@\x82\x18\x00\x00\x00$\x88\x01\x00\
\x00@\x82\x18\x00\x00\x00$\x88\x01\x00\x00@\x82\x18\x00\
\x00\x00$\x88\x01\x00\x00@\x82\x18\x00\x00\x00$\x88\x01\
\x00\x00@\x82\x18\x00\x00\x00$\x88\x01\x00\x00@\x82\x18\
\x00\x00\x00$\x88\x01\x00\x00@\x82\x18\x00\x00\x00$\x88\
\x01\x00\x00@\x82\x18\x00\x00\x00$\x88\x01\x00\x00@\x82\
\x18\x00\x00\x00$\x88\x01\x00\x00@\x82\x18\x00\x00\x00$\
\x88\x01\x00\x00@\x82\x18\x00\x00\x00$\x88\x01\x00\x00@\
\x82\x18\x00\x00\x00$\x88\x01\x00\x00@\x82\x18\x00\x00\x00\
$\x88\x01\x00\x00@\x82\x18\x00\x00\x00$\x88\x01\x00\x00\
@\x82\x18\x00\x00\x00$\x88\x01\x00\x00@\x82\x18\x00\x00\
\x00$\x88\x01\x00\x00@\x82\x18\x00\x00\x00$\x88\x01\x00\
\x00@\x82\x18\x00\x00\x00$\x88\x01\x00\x00@\x82\x18\x00\
\x00\x00$\x88\x01\x00\x00@\x82\x18\x00\x00\x00$\x88\x01\
\x00\x00@\x82\x18\x00\x00\x00$\x88\x01\x00\x00@\x82\xfe\
\x7fqj\xd2\x1dC\x97Ij\x00\x00\x00\x00IEN\
D\xaeB`\x82\
\x00\x00\x09\xb6\
\x89\
PNG\x0d\x0a\x1a\x0a\x00\x00\x00\x0dIHDR\x00\
\x00\x02\x00\x00\x00\x02\x00\x08\x04\x00\x00\x00^q\x1cq\
\x00\x00\x00 cHRM\x00\x00z&\x00\x00\x80\x84\
\x00\x00\xfa\x00\x00\x00\x80\xe8\x00\x00u0\x00\x00\xea`\
\x00\x00:\x98\x00\x00\x17p\x9c\xbaQ<\x00\x00\x00\x02\
bKGD\x00\xff\x87\x8f\xcc\xbf\x00\x00\x00\x09pH\
Ys\x00\x02u\xeb\x00\x02u\xeb\x01/*M\x03\x00\
\x00\x00\x07tIME\x07\xea\x09\x0c\x0e-\x18\x05\x15\
\xa0>\x00\x00\x07\xe0IDATx\xda\xed\xdd\xbb\x8f\
\x5c\x07\x19\xc6\xe1\xf7\xcc\xac\x944 Q9\x22$\x18\
\x89\x86\x8e&\x12H\xc6\x02*\x1a#\xaa\x14\x88\x9e\x96\
?%\x0d\xa2\x85\x14\xb4\x89D\x85\x14a\x12@\x0at\
4T\x08\x998\x80\xbb\x90Ma\x22\xed\xcc\xa1\x98Y\
{\xb3\xd9\xcb\x5c\xce\xcc\xb9|\xcf\xe3\x22r\xaa\xd9\xdd\
\xef\xfd\xcdx/v\x02\x00\x00\x00\x00\x00\x00\x00\x00\x00\
\x00\x00\x00\x00\x00\x00\x00\x00\x00\x00\x00\x00\x00\x00\x00\x00\
\x00\x00\x00\x00\x00\x00\x00\x00\x00\x00\x00\x00\x00\x00\x00\x00\
\x00\x00\x00\x00\x00\x00\x00\x00\x00\x00\x00\x00\x00\x00\x00\x00\
\x00\x00\x00\x00\x00\x00\x00\x00\x00\x00\x00\x00\x00\x00\x00\x00\
\x00\x00\x00\x00\x00\x00\x00\x00\x00\x00\x00\x00\x00\x00\x00\x00\
\x00\x00\x00\x00\x00\x00\x00\x00\x00\x00\x00\x00\x00\x00\x00\x00\
\x00\x00\x00\x00\x00\x00\x00\x00\x00\x00\x00\x00\x00\x00\x00\x00\
\x00\x00\x00\x00\x00\x00\x00\x00\x00\x00\x00\x00\x00\x00\x00\x00\
\x00\x00\x00\x00\x00\x00\x00\x00\x00\x00\x00\x00\x00\x00\x00\x00\
\x00\x00\x00\x00\x00\x00\x00\x00\x00\x00\x00\x00\x00\x00\x00\x00\
\x00\x00\x00\x00\x00\x00\x00l\xae\xe9\xfb\x01\x0c\x82\xf7B\
Mm\xdf\x0f\xa0\x7f\x95O\xbfI\x9b&\xc9,\xb3\xb4\
\x8e\xa1\x98&M\x96Y&i\xd3\xf8\xe8\xd7\xd3$i\
2_\xff\x97zV\x1f\xf9\x93\xda\x17P\xf5\x0do\xd2\
f\x96d\x99\x17r/\xdf\xca+\xf9Bf\x9e\x07\x8a\
h\xb2\xcc'y\x9c\xf7\xf3\xc7|\xba\xbe\x83\xa2\xaf\x02\
j\x06\xa0I\x9by\x16y!?\xcd\xcf\xf2\xb5\xbe\x1f\
\x0e\xbd\xf9G~\x9e_\xe4i\xe6Y\xd4L@\xc5\x00\
\x9c\xcf\xff\x1b\xf9u\xbe\x996M\x16}?$z1\
O\x9b&\x7f\xcd\x8f\xf3\xb7\xaa\x09\xa8\x17\x80\xf3\xf9\xbf\
\x96\xdf\xe6KYdV\xf0}\xc0\xb96\xcb\xcc\xf3Q\
~\x90\xbf\xd4L@\xbd\xe3_}\xf6\xf7\xab\xf9S^\
\xce\x22\xf3\xbe\x1f\x0e\xbd[d\x9e\x0fs/\xff\xac\xf8\
\xd5\xa0Y\xdf\x0f\xe0\xc8\xce\x83\xf7\x86\xf9\xb36\xcf\x22\
_\xc9\x1b\xeb\xdf\x15{J,\xf6\xe6\xa6\xc9,\x8b|\
/\xbf[\x7f\x0f\x00$\xab\xef\x05\xf8~\x1ef\x9ee\
\xad\xd7\x00\xd5^\x01\xac\xfc$\xc9\xb2\xef\x07\xc1\x80,\
\xb3\xba\x8ar\xaa=\x0b6i\xf3b\xfe\x9e\x97\xbd\x02\
\xe0\x826M\xfe\x95\xaf\xe7\x7f\xd5>\x0dX\xed\x15@\
\x93\xe4n\xee\xa4^\xfa\xb8I\x93\xe4N^M\xb9\xbb\
\xa8\x18\x80\x97r\xd2\xf7\xc3`\x80N\xf2R\x04\x00\xa8\
\xa3Z\x00\xda$\xff\xc9Y\xdf\x0f\x83\x01:\xcb\x93\x94\
\xfb\x11\xe1\x8a\x01\xf8\xa0\xe2\x07\x9a\x1b\xad\x9e\x18\x1e\xa7\
\xdc]T\x0b@2\xcf\xd3\xbc\x13_\x06\xe4\xa2e\x92\
w\xf2\xb4\xde\xb7\x86\xd5\x0b@\x92\xbcY\xf6-\xe7j\
\xb3$\xbf\xea\xfbA\xf4\xf5\x86\xd7\xb2\xcc,\x0f\xf3\x96\
\x9f\x01\xe4\x99E\x9a\xbc\x95w3\xab\xf7\xba\xb0\xd8\x17\
=r\xfe\xc3@w\xf3n^\xcd\xb2`\x00\xb9l\x99\
Y\x1e\xe7~\x1e\xf9a\xa0\x1a\x96\x99\xe7Q^\xcfi\
\xc5\xe2s\xc92\xb3\x9c\xe6\xf5<\xca\xbc\xe25\xd4\x0b\
\xc0\xea/\x00\x99\xe7\xcfy\x90S\x7f\x0dXqmf\
\xf9$?\xca\xfb5\xff6\x80\x8a\x018O\xc0I\xde\
\xcb\x83\x9cV\xfc\xa0\xb3\xd6\xa6\xc9i~\x98\x879\xa9\
9\xff\x9a\x01H\x92&g\x12P\xdc2MN\xf3 \
\xbf\xcfI\xce\x0a~6,I\xc5O\x02>\x7f\xbb\xdb\
\x9c\xe4,\xf7\xf3\x9b|\xd1\xcf\x06\x96\xb3\xfa\xb3\xff\x83\
\xbc\xf7l\xfe%\x9f\x06\xea\x9e\xbd\x04Tf\xfek\x95\
\x8f^\x02\xaa2\xffgj\x9f\xbc\x04Td\xfe\x17T\
?x\x09\xa8\xc6\xfc?\xc3\xb9K@%\xe6\x7f\x89c\
\x97\x80:\xcc\xffs\x9cz\x22\x015\x98\xff\x15\x1c\xfa\
\x8a\x04L\x9d\xf9_\xc9\x99\x9f\x93\x80)3\xffk8\
\xf2\xe7$`\xaa\xcc\xffZN\xfc\x22\x09\x98\x22\xf3\xbf\
\x81\x03\xff,\x09\x98\x1a\xf3\xbf\x91\xf3\xbeL\x02\xa6\xc4\
\xfco\xe1\xb8?O\x02\xa6\xc2\xfco\xe5\xb4\xaf\x22\x01\
S`\xfe\x1bp\xd8W\x93\x80\xb13\xff\x8d8\xeb\xeb\
H\xc0\x98\x99\xff\x86\x1c\xf5\xf5$`\xac\xcc\x7fcN\
\xfa&\x120F\xe6\xbf\x05\x07}3\x09\x18\x1b\xf3\xdf\
\x8as\xbe\x8d\x04\x8c\x89\xf9o\xc91\xdfN\x02\xc6\xc2\
\xfc\xb7\xe6\x947!\x01c`\xfe;\xa8\xfa\x0f\x83l\
\xa7\x8d\x7fJd\xe8\x96\x99\xe5c\xf3\xdf\x96g\xb2M\
y\x150d\xe7\xf3\xff\x83\xf9o\xc7\x11oN\x02\x86\
\xca\xfcw\xe6\x84\xb7!\x01Cd\xfe{p\xc0\xdb\x91\
\x80\xa11\xff\xbd8\xdfmI\xc0\x90\x98\xff\x9e\x1c\xef\
\xf6$`(\xcc\x7foNw\x17\x120\x04\xe6\xdf\x01\
\x87\xbb\x1b\x09\xe8\x9b\xf9w\xc2\xd9\xeeJ\x02\xfad\xfe\
\x1dq\xb4\xbb\x93\x80\xbe\x98\x7fg\x9c\xec>$\xa0\x0f\
\xe6\xdf!\x07\xbb\x1f\x0986\xf3\xef\x94s\xdd\x97\x04\
\x1c\x93\xf9w\xcc\xb1\xeeO\x02\x8e\xc5\xfc;\xe7T\xbb\
 \x01\xc7`\xfe\x07\xe0P\xbb!\x01\x87f\xfe\x07\xe1\
L\xbb\x22\x01\x87d\xfe\x07\xe2H\xbb#\x01\x87b\xfe\
\x07\xe3D\xbb$\x01\x87`\xfe\x07\xe4@\xbb%\x01]\
3\x7fF\xa5I\x93\xe4$\xc9\xfd|\x9c6\xcb\xb4~\
\xed\xfck\x916\xff\xcdw\xd6\xef\xd1FN\x19>\x09\
0\x7fJ\x93\x00\xf3\xa74\x090\x7fJ\x93\x00\xf3\xa7\
4\x090\x7fJ\x93\x00\xf3\xa74\x090\x7fJ\x93\x00\
\xf3\xa74\x090\x7fJ\x93\x00\xf3\xa74\x090\x7fJ\
\x93\x00\xf3\xa74\x090\x7fJ\x93\x00\xf3\xa74\x090\
\x7fJ\x93\x00\xf3\xa74\x090\x7fJ\x93\x00\xf3\xa74\
\x090\x7fJ\xab\x9d\x00\xf3\xa7\xbc\xba\x090\x7fH\xd5\
\x04\x98?\xac\xd5K\x80\xf9\xc3\x05\xb5\x12`\xfepI\
\x9d\x04\x98?\x5c\xa1F\x02\xcc\x1f\xae1\xfd\x04\x98?\
\xdc`\xda\x090\x7f\xb8\xc5t\x13`\xfe\xb0\x81i&\
\xc0\xfcaC\xd3K\x80\xf9\xc3\x16\xa6\x95\x00\xf3\x87-\
M'\x01\xe6\x0f;\x98F\x02\xcc\x1fv4\xfe\x04\x98\
?\xeca\xdc\x090\x7f\xd8\xd3x\x13`\xfe\xd0\x81q\
&\xc0\xfc\xa1#\xe3K\x80\xf9C\x87\xc6\x95\x00\xf3\x87\
\x8e\x8d'\x01\xe6\x0f\x070\x8e\x04\x98?\x1c\xc8\xf0\x13\
`\xfep@\xc3N\x80\xf9\xc3\x81\x0d7\x01\xe6\x0fG\
0\xcc\x04\x98?\x1c\xc9\xf0\x12\xb0\x9a\xff\xbd\x98?\x1c\
\xc1\xb0\x12`\xfepd\xc3I\x80\xf9C\x0f\x86\x91\x00\
\xf3\x87\x9e\xf4\x9f\x00\xf3\x87\x1e\xf5\x9b\x00\xf3\x87\x9e\xf5\
\x97\x00\xf3\x87\x01\xe8'\x01\xe6\x0f\x03q\xfc\x04\x98?\
\x0c\xc8q\x13`\xfe00\xc7K\x80\xf9\xc3\x00\x1d'\
\x01\xe6\x0f\x03u\xf8\x04\x98?\x0c\xd8a\x13`\xfe0\
p\x87K\x80\xf9\xc3\x08\x1c&\x01\xe6\x0f#\xd1}\x02\
\xcc\x1fF\xa4\xdb\x04\x98?\x8cLw\x090\x7f\x18\xa1\
n\x12`\xfe0R\xfb'\xc0\xfca\xc4\xf6K\x80\xf9\
\xc3\xc8\xed\x9e\x00\xf3\x87\x09\xd8-\x01\xe6\x0f\x13\xb1}\
\x02\xcc\x1f&\xe4r\x02\x16\xe6\x0f\x95l\x9e\x00\xf3\x87\
\x09\xba\x9c\x80\xb3+\xe7\x7f\x966\x1f\x99?L\xcf\xf3\
\x04|;O\xd2f\x91\xb3\x0b\x9f\x0fX\xe6,\x8b\xb4\
\xf9w^\x8b\xf9\xc3\x04=O\xc0+y\xfb\xcaW\x00\
o\xe7\xcb1\x7f\x98\xa8\xd5\xacgi\x92|7o\xe6\
\xc3\xf5g\x03\xce\xf2A~\x99\xfbI\x9a\xcc\x12\xe3\xaf\
\xc4\x07\xbb\x96&mfI\x96I^\xcc\xdd\xdcI\xf2\
$\x8f\xf2i\xb2\xfe\xffM\xda\xbe\x1f$\xc7#\x00\xd5\
4i\xd7\xcf\xf4\x8bg\x1f\xfd6\xf3$\xcb\xb4\xe6_\
\x8d\x00T\xb4\x8a\xc0\xf9\x1f\x0a\xda\xb4\x89\xf1\x03\x00\x00\
\x00\x00\x00\x00\x00\x00\x00\x00\x00\x00\x00\x00\x00\x00\x00\x00\
\x00\x00\x00\x00\x00\x00\x00\x00\x00\x00\x00\x00\x00\x00\x00\x00\
\x00\x00\x00\x00\x00\x00\x00\x00\x00\x00\x00\x00\x00\x00\x00\x00\
\x00\x00\x00\x00\x00\x00\x00\x00\x00\x00\x00\x00\x00\x00\x00\x00\
\x00\x00\x00\x00\x00\x00\x00\x00\x00\x00\x00\x00\x00\x00\x00\x00\
\x00\x00\x00\x00\x00\x00\x00\x00\x00\x00\x00\x00\x00\x00\x00\x00\
\x00\x00\x00\x00\x00\x00\x00\x00\x00\x00\x00\x00\x00\x00\x00\x00\
\x00\x00\x00\x00\x00\x00\x00\x00\x00\x00\x00\x00\x00\x00\x00\x00\
\x00\x00\x00\x00\x00\x00\x00\x00\x00\x00\x00\x00\x00\x00\x00\x00\
\x00\x00\x00\x00\x00\x00\x00\x00\x00\x00\x00\x00\x00\x00\x00\x00\
\x00\x00\x00\x00\x00\x00\x00\x00\x00\x00\x00\x00\x00\x00\x00\x00\
\x00\x00\x00\xc5\xfd\x1f\x00r\xc0\x07\xe6\x87\xcb\x9d\x00\x00\
\x00'tEXtsoftware\x00h\
ttps://legacy.im\
agemagick.orgk\xa2z\
\xef\x00\x00\x00\x18tEXtThumb::\
Document::Pages\x00\
1\xa7\xff\xbb/\x00\x00\x00\x19tEXtThu\
mb::Image::Heigh\
t\x001024\xe7&\xd8\xbd\x00\x00\x00\x18tE\
XtThumb::Image::\
Width\x001024\xf2o\x04\xa4\x00\x00\
\x00\x19tEXtThumb::Mim\
etype\x00image/png?\
\xb2VN\x00\x00\x00\x17tEXtThumb\
::MTime\x0017892243\
24\xdc~H\xb8\x00\x00\x00\x0ftEXtTh\
umb::Size\x000BB\x94\xa2>\
\xec\x00\x00\x00,tEXtThumb::\
URI\x00file:///tmp/\
ii-ui-sync-mWOPn\
f.pngkz~\xa3\x00\x00\x00\x00IEN\
D\xaeB`\x82\
\x00\x00W\x82\
\x89\
PNG\x0d\x0a\x1a\x0a\x00\x00\x00\x0dIHDR\x00\
\x00\x02\x00\x00\x00\x02\x00\x08\x06\x00\x00\x00\xf4x\xd4\xfa\
\x00\x00\x00\x09pHYs\x00\x01:\xf5\x00\x01:\xf5\
\x01\x97\x08vW\x00\x00\x00\x19tEXtSof\
tware\x00www.inksca\
pe.org\x9b\xee<\x1a\x00\x00 \x00ID\
ATx\x9c\xec\xdd{|\x5cu\x9d\xff\xf1\xf7\xe7\x9c\
I\xd2\x96&3I\x9b\xcc\xa4%\xd0\xda\x06\xda\xc9\xa4\
\x05\xa9(W\x05Q\x11V\xdd\x05\x05]\x85uUD\
EY\xbc\xec*\x8b\xaewW\xd7\x9f\xe2]A\x17/\
\x5cv\x01/\xab\x82W\x14d\x01\x11\x8a\xdd\xb6\x93\xb4\
P.\x85\x92&\x934\xc9L\xd2k2\xe7|~\x7f\
4\x85\x10\x926ms\xe6s\xce\xcc\xfb\xf9x\xf8\x87\
\x0f}\xcc\xf7ESr>\xf3=7QU\x10\x11\x11\
Qeq\xac\x03\x88\x88\x88\xa8\xf48\x00\x10\x11\x11U\
 \x0e\x00DDD\x15\x88\x03\x00\x11\x11Q\x05\xe2\x00\
@DDT\x818\x00\x10\x11\x11U \x0e\x00DD\
D\x15\x88\x03\x00\x11\x11Q\x05\xe2\x00@DDT\x81\
8\x00\x10\x11\x11U \x0e\x00DDD\x15\x88\x03\x00\
\x11\x11Q\x05\xe2\x00@DDT\x818\x00\x10\x11\x11\
U \x0e\x00DDD\x15\x88\x03\x00\x11\x11Q\x05\xe2\
\x00@DDT\x818\x00\x10\x11\x11U \x0e\x00D\
DD\x15\x88\x03\x00\x11\x11Q\x05\x8aY\x07\x10\xd1\xc1\
\x93L\xa6z\xee67!\xdeHBbnB|I\
@\xbcz\xc0\x89\xab\xa0Z\x80#\x04:[UgA\
\x9dZ\x88\x8e\xfbw]\xea\x00u'|\xa2\x07\xe8\xd0\
3\xffU\xa5\x08\xf1\x87Ed\xb7Bv)\xb0]\x14\
\xa3\x10\xcd\xc3w\xf2\xeah^\x8b^^\xdd\xea\xfc\xf6\
\xf9^^\xb3\xd9\x91\x12\xfd\xa3\x13\xd1\x0c\x11U\xb5n\
 \xa21\x0d\x0dK\xe2\xa8\xaei\xf1\x04G\x89:G\
\x8a\xe8\x02\x854A\xb5Y\x80F\x05\x9a\x004\x03\x98\
k\xdd:\xc1v\x00\xdd\x02\xf4*\xd0\x07\x95\xad\xe2h\
\x9f\xaalU\xf1\x9f\x8eA\x9e\xd4=\xbb\x9f\x1e\x18x\
\xac`\x1dJD{q\x00 *!\x91UUu\x8d\
\xbb\x8f\x06\xb0\x14.\x96B\xb1\xd4\x01\x96\x02\xbaX\x81\
\x16\x00\xb5\xd6\x8d\x01\x1bV\xe0)\x07\xfa\x84\x0f\xe7Q\
\x08\x1e\x85\x87\xc7\x00<:\xd47\xebI\xd5\xd5\xa3\xd6\
\x81D\x95\x82\x03\x00Q@\x1a\x1b\x97-\x18u\x9d\xb4\
\x00m\x10\xe7\x04U\xa4\x01\xcd\x00\xa8\xb1n\x0b\xa9\x22\
\x80\xa7\x04\xda\x09\x91\x87\x14\xe8p\x81\xce\x81\x9e\xceN\
\xe5/*\xa2\x19\xc7\x01\x80\xe8056.\xab\x1d\xad\
\x92c\xc4\x936\x88\x9c\xa0@\x1a\x90\x95\x806Z\xb7\
\x95\x89!@6\x89\xa0\x13\xea?$\xbe\xf3\x90\xab\xc5\
\xb5}}\x1b\x87\xad\xc3\x88\xa2\x8c\x03\x00\xd1A\x10\x11\
\x99\x9bj[\xee\xaa\x7f\xb2*N\x15GN\x82\xa2\x15\
\x80X\xb7U\x18\x85`\x93\xfa\xb8OD\xef\xf5\xc4\xb9\
o{O\xc7\x06\xee\x14\x10M\x1f\x07\x00\xa2\xfd\x10Y\
U\x15o\xde\xb1B|9U!\xa7\x008\x03\xc0|\
\xeb.\x9a\xd4\x10\x80\x07Dp\xaf\xaa\xdeS[5|\
\xef\x96-[vYG\x11\x85\x15\x07\x00\xa2q\xea\xeb\
\x8fO\xa0z\xcf\x19\xbe#\xa7\x8a\xe2d\x00'\x00\xa8\
\xb2\xee\xa2C2\x02\xc8C\x10\xbdO|\xbdGF\xf7\
\xdc\xc9\xbb\x10\x88\x9e\xc5\x01\x80*\xde\xbc\xe6\xb66\x0f\
\xf27P=\x0b\xc0\xe9\x00\xaa\xad\x9b(\x08\xe2\x01\xf8\
?\x11\xbdM\xc5\xffe\xa1{\xe3_y\xca\x80*\x19\
\x07\x00\xaa8MM\x99\xb9E\x07g\xf8\xd0\xbf\x81\xe2\
\x1c\x08\x8e\xb4n\x22\x0b\xd2\x07\xe8]\xa2z\x9b\xce\x8a\
\xfd2\xff\xe4\xbaA\xeb\x22\xa2R\xe2\x00@eOD\
$\xde\x9c9A}\xefl\x07x\xb5\xc2y\xf1\xf3\x9f\
\x84G\x95M<\x81\xde\xaf\xd0_\xc3\xd1\xdfpw\x80\
*\x01\x07\x00*[\xf3\x9a\xdb\xda|\xe0\x0d\xaax3\
\x80\xa5\xd6=\x14)[\x04\xf8\x99\xf8r\xeb`_\xc7\
\xbd\x1c\x06\xa8\x1cq\x00\xa0\xb2\xf2\xccA\x1fx\x13\x14\
\xc7X\xf7PYxR\x80\x9f\x8b/\xb7\x0e\xf4f\xef\
\xb1\x8e!\x9a)\x1c\x00(\xf2\xc6}\xd3\xbf\x10\xc02\
\xeb\x1e*k\x9b\x05\xf8\x05\x87\x01*\x07\x1c\x00(\x92\
\xea\x9b\x97/\xf2}\xe7\x1fDp!\x80\xe5\xd6=T\
y\x14\xe8\x80\xca-n\x0c?\x18\xe8\xca>e\xddC\
t\xb08\x00Pd\x88\x88\x1bO.?\x03\x90w\x02\
r\x1e/\xe4\xa3\x90\xf0\x01\xfc\x11\x82k\x0b=\xb3\xff\
\x87/4\xa2\xa8\xe0\x00@\xa1\x17oJ\xb7\x8a\x83\xb7\
\x03\xf2V\x00I\xeb\x1e\xa2\xfd\xc8\x09p\xb3#\xb8\xb6\
\xbf\xbb\xa3\xc3:\x86h\x7f8\x00P(IkkM\
|{\xf5k\xa1x'\x80\x97\x83\xcf\xda\xa7\xc8\x91\x87\
\x00\x5c{\x84;\xeb\x86\xae\xae\xd5;\xadk\x88&\xe2\
\x00@\xa1R\xbb\xa0}\xb9\xe3\xeb\xa5\x02\xbd\x08@\x83\
u\x0f\xd1\x0c\xe8W\xc8\xf5\xbe#\xd7\x0eo]\xbf\xc1\
:\x86h\x1f\x0e\x00\x14\x0a\x0dM\x99S\xd5\xf1?\xac\
\x90s\xc1o\xfbT\x9e\x14\xc0\x1f\x1c\xc8\xd7\x06s\x1d\
\xb7\xf1\xd9\x02d\x8d\x03\x00\x99\x11\x11\xa7>\xd9v\xae\
\x0f\xbd\x0a\xc0\x8b\xad{\x88J\xe8\xffD\xf5\xea|\xef\
\x9c\xff\xe2E\x83d\x85\x03\x00\x95\x5cc\xe3\xb2\xda\xa2\
\xeb\xbcM!\x1f\x00p\x94u\x0f\x91\x15\x01\xba!\xb8\
V\xab\xdd\xaf\xf2]\x04Tj\x1c\x00\xa8d\x8ehL\
7W\xc7\xe4RU\x5c\x0e\xa0\xde\xba\x87(D\x86\x05\
\xf8\xbe\xb8\xf2%>S\x80J\x85\x03\x00\x05\xaevA\
\xfbr\xd7\xf7?\x0a\xe0\x0d\x00\xaa\xac{\x88BlT\
D\xfe\xdbs\x8a\x9f\x1d\xea\xda\xf8\xb0u\x0c\x957\x0e\
\x00\x14\x98\xfa\xe6\xe5\x8bT\x9d+\x01y;\x1f\xdaC\
tP|\x00?Q_\xaf*\xf4vn\xb2\x8e\xa1\xf2\
\xc4\x01\x80f\x5c\xc3\xc2\xccQ\xbe\xa7W\x01x\x1b\x80\
\x98u\x0fQ\x84\x8d\x8a\xc8\x7f\xab/\x9f\xcc\xe7\xd6?\
f\x1dC\xe5\x85\x03\x00\xcd\x98yG\xae<\xd2/\x16\
\xffY\x81K\x01\xd4X\xf7\x10\x95\x91Q\x00\xdf\x8f\x15\
\x8b\x9f\xda\xb6\xed\xe1.\xeb\x18*\x0f\x1c\x00\xe8\xb0\xd5\
6\xb76\xbaZ\xf5A\xc0\xb9\x1c\xd0\xd9\xd6=De\
l\x04\xc0\x0fF=\xfd\xc4\x8e\xbe\xcen\xeb\x18\x8a6\
\x0e\x00t\xc8\x12G\xaf\xa8\xc7n\xffJ\x88^\x06`\
\x8eu\x0fQ\x05\xd9\x01\xe87dO\xcd\xe7\x07\x07\xd7\
\xe4\xadc(\x9a8\x00\xd0A\x13\x11'\xd1\xb4\xfc-\
*\xf2E\x00M\xd6=D\x15l@\xa0\x9f\xca\xe7\x92\
\xdfT\xbd\xb3h\x1dC\xd1\xc2\x01\x80\x0eJ\x22\x959\
\x13\xf0\xaf\x06d\x85u\x0b\x11=c\xa3\xfa\xf2\xfeB\
o\xf67\xd6!\x14\x1d\x1c\x00hZ\xe2M\x99\xa5\xe2\
\xe8\xe7\xb0\xf7^~\x22\x0a!\x81\xde\xa6\xea^\xc1;\
\x06h:8\x00\xd0~54,\x89\xfbU\xb3\xaf\x82\
\xe8?\x01\xa8\xb6\xee\xa1\xe7\x19\x91\xbdo\x9b\xdb\x06\xf8\
\xfd\x10\xe9\x87\xa2_\x80\xdd\x0a\xdd\xb5\xf7\xff\x22C\x10\
\xf1\x00\xdf\x87:\x05\x00\x10\xc1\x1e\x85\xee\x04\x00\x81\xcc\
Q\x1d\xbbkC\xfc8\xe08P?\x06\xa0v\xec\x7f\
\x9f\xad\xc0,\x08\xe6Au\x1e \xf3\x05\x98\xa7\xc0<\
\xf0\xefD\x18\xed\x01\xf4+U\x9e\xff\xd9\xbe\xbe\x8d\xc3\
\xd61\x14^\x1c\x00hR\x22\xe2\xc4\x93mo\x07\xf4\
3\xe0y~\x0b{ x\x12\xaa\x9b\x01\xd9\x0c`\xb3\
*\xb6@e\x1b\x5c\xf4;\xf0\xfabE\xed\xb7\xfe\x05\
\xdf\xd8\xb8\xac\xb6\x18\x93y>\xdcF@\xe7\xc3\xc7<\
\x11\xb4\x00X\x04\xc8b@\x17a\xef\xfb\x1ex[h\
\xe9\xf5\x08pU>\xd7\xf9\x03U\xf5\xadc(|8\
\x00\xd0\xf3$\x16\xb4\xaf\x82\xfa\xd7Bq\xbcuK\x99\
\x1b\x12hV!\x1b\x15\xfa\x04T6\xbb*\x9b\x1d\x7f\
\xf4\x89\xfe\xfeG\xb6\x96\xcb\xebbE\xc4\x997\xef\x98\
f\xdf\xa9Z\xec\x89\xbf\x18p\x16\x89\xe8\x22@\x96\x03\
\x9a\xc1\xd8N\x03\x05EW\x8b/\xef\x1c\xec\xedXc\
]B\xe1\xc2\x01\x80\x9e\xd1\xd2\xd22{x\xb4\xf6\xe3\
\x80\xf3!>\xbawf\x09\xd0\x0d\xe8C\x10yH\x81\
\x0e\x17\xe8\x1c\xe8\xe9\xdc\xc0of@c\xe3\xb2\x05\x9e\
\x1b;\xc1\x17\xa4\x05h\x83\xea\x09\x0a9\x96\x7f\x07g\
TQ\x80o\xd5 \xf6\xaf==kwX\xc7P8\
p\x00 \x00@\x22\x95>\x0b\x90k\x00\xbc\xc0\xba%\
\xe2|\x00\x9d\x10\xdc#\x8a\x07\xd5q\xd6\xd5\xba\xf9\x8e\
-[\xb6\xec\xb2\x0e\x8b\x92\x96\x96\x96\xd9\xc3^\xa2\x0d\
\xbe\xb7\x12\x90\x17\x018\x05@\x1a\x80c\x9c\x16u\x8f\
\x8a\xc8;\x07\xbb\xb3wZ\x87\x90=\x0e\x00\x15\xae\xbe\
\xfe\xf8\x84\xd6\x8c|\x01\xc0%\x00\xc4\xba'\x82v\x0a\
\xb0\x06\xc0C*\xb8\xc7w\xfd?\x0e=\xbd\xa1\xdf:\
\xaa\x1c56.\xab\x1du\x9d\x17\x8b\xc8\xa9{w\x09\
\x9c\xd3\x00\x8d[wE\x90\x8a\xc8\x0d\x9e\xeb\xbd\x9f\x7f\
W+\x1b\x07\x80\x0a\x96hn\xbb\x00\x8a\xaf\x01HZ\
\xb7D\xc8\x00\x14\x7f\x14\xd1{|q\xee\x1b\xeai\x5c\
\xc3\x07\xb0\xd8\x10YUU\x97\xda}\xbc\xa3\xfe\xc9*\
r*\x14g\x02\xa8\xb7\xee\x8a\x90\x1e\x88\xbc/\xdf\x9d\
\xfd\xb1u\x08\xd9\xe0\x00P\x81\x8ehL7W\xc5\xe4\
\xebP\x9co\xdd\x12\x05\x02t*\xf4\x97\x00\xee(\xe4\
\xe6\xfcIu\xf5\xa8u\x13=\x9f\x88\xb8\xf1\xe6e\xc7\
A\xdd\xb3D\xf55\x0a\x9c\x04\x9e28 \x81\xde\xe6\
\xb8\xee{\xfa\xbb\xd6o\xb1n\xa1\xd2\xe2\x00Pa\x12\
\xa9\xf4;\x00\xf9\x12\x80:\xeb\x96\x10\xdb\x06\xe0w\xaa\
\xf8\xb5\xef\x8c\xfcv\xb8{S\x9fu\x10\x1d\xbc\xda\xd4\
\xca\xa6\x98\x8e\x9e\xad\x82\xb3\x01y%\xf6>\xb7\x80&\
%\x05\x81~`\xb0\xa7\xe3:\xeb\x12*\x1d\x0e\x00\x15\
\xa2\xee\xc8\xe5\xf3\x1cO\xae\x85\xcay\xd6-\xa1\xa4\xf2\
\xb08\xfe->\x9c\xdb\x86z:V\xf3\xea\xfc\xf2\x22\
\x22n]2\xbdJ \xaf\x01\xf4\x02\x00\xad\xd6M\xa1\
\xa4\xf8\xb1V\xcb\xa5\x85-\xd9\x01\xeb\x14\x0a\x1e\x07\x80\
\x0a\xb0\xf7\xf9\xfd\xf8\x11\xa0\x0b\xad[B\xe6I\x01~\
.\xbe\xdc:\xd0\x9b\xbd\xc7:\x86Jg^s[\x9b\
\x0f\xbcA\x817Aq\x8cuO\xc8\xf4\xa8/\xff\xc8\
\xf7\x0a\x94?\x0e\x00eLdUU\x22\xb5\xeb*U\
|\x0c<\x17\xba\xcf\x16\x01~&\xbe\xdc:\xd8\xd7q\
o\xb9<l\x87\x0e\xdd3\xc3\x80\xe2\xcd\x00\x96Z\xf7\
\x84\x84\x0a\xf0\xf5|\xed\xc8\xbf\xe8\xa6M{\xacc(\
\x18\x1c\x00\xcaTms&\xed\xaa\xde\x08\xe08\xeb\x96\
\x10\xe8U\xe8\x8d\x80\xdc<\x94\xeb|\x80\x07}\x9a\x8c\
\x88Hm\xd3\xb2\x97\x88\xb8\x17\x0a\xf4\xcd\x00\xe6[7\
\x99S\xfc\xd5\x8f\xb9o\x1e\xeaZ\xb7\xd1:\x85f\x1e\
\x07\x802T\x9fL_\xac\x22\xdf\x02p\x84u\x8b!\
\x1f\xc0\x1fE\xf5\xfa\xb9\xd5\xc3\xb7\xf2A<t0$\
\x93\xa9\x8e\xf7\xeb\xebD\xf5b\x85\xf3\xea\xca~*\xa1\
\xec\x12\xf8W\xe6s\x1b\xbe\xc6\xe1\xb9\xbcp\x00(#\
\xb5\xa9\x95M1x\xd7)\xf4\x5c\xeb\x16+\x0al\x15\
\xc8\xf7\x81\xe2\x7f\xe6{6>a\xddC\xd1\x97H\xb6\
/\x81\xf8o\x17\xe0\xad\x0a4[\xf7XQ\xe0\x17\xbe\
\x8c\xbc\x83w\xc5\x94\x0f\x0e\x00e\x22\xb1\xa0}\x15|\
\xff'\xd8\xfb\xe6\xb5J\xe3\x03\xf8#\x04\xd7\x16zf\
\xff\x0f\xef\xd3\xa7 \x88\x88\x1bO.?\x03\x90w\x02\
\xf8;\x001\xeb\xa6\xd2\x93._\xbd7\x0c\xe56\xfc\
\xd9\xba\x84\x0e\x1f\x07\x802\x10o\xce\x5c&\xaa_F\
\xe5\xbd\x9b}\x10\xc05n,\xf6\xcd\xfe\xa7\xd7>m\
\x1dC\x95c\xde\xc2\xf6\x16\xcf\xf3.\x03\xe4R\x00\x09\
\xeb\x9e\x12\xdb\x03\xc5?\xe5s\x1d\xd7X\x87\xd0\xe1\xe1\
\x00\x10a\xb2x\xf1\xac\xf8\xae9\xdf\x04\xf06\xeb\x96\
\x12\xdb\x0c\x91\xef8{v}g`\xe0\xb1\x82u\x0c\
U\xae\xa6\xa6\xcc\xdc\x11\x07\x7f\x0f\xd1\x0fV\xda\xed\x84\
\x02\xdc0\xc7\x9d}iW\xd7\xea\x9d\xd6-th8\
\x00D\xd4\xdeo \xfeO\x00\xbc\xc8\xba\xa5d\x14\x7f\
\x15\xe8W\xf3\xbd\xc9\x9b\xf8\xfc}\x0a\x13\x11q\xea\x93\
m\xe7\xfa\xc0\x95\x80\x9ed\xddS2\x825P\xef|\
^o\x13M\x1c\x00\x22(\xde\x949[\x1c\xbd\x11@\
\x83uK\x09\xf8\x02\xfd\x95\x02_\xcd\xf7t\xdea\x1d\
Ct \x0dM\x99S}G/\x07\xe4\xbc\x0a\xb9{\
\xa0_U\xde\x5c\xc8e\x7fk\x1dB\x07\x87\x03@\x84\
\x88\x88\xd4%\x97_%\x90O\xa2\xec\x1f\xec#\x9e\x0a\
n\xd4\xa2\xf7\xd9\xa1\xbe\x0d\x8fX\xd7\x10\x1d\xac\xba\x85\
+\x96\xb9\x9ew\x95B\xdeT\xfe\x83\x80x\x80~\xac\
\x90\xeb\xfc<o\x15\x8c\x0e\x0e\x00\x11\xd1\xd0\xb0$\xee\
U\xcf\xfa\x91\x00\xaf\xb5n\x09\x98\x0f\xc8-\xbe\xeb|\
\x92\x0f\x1f\xa1rP\xbb\xa0}\xb9\xeb\xfb\x9f\x00\xf0z\
\x94\xfd\xe0\x8e\xffqGG\xfe\xa1\xbf\x7f\xd3\x90u\x08\
\x1d\x18\x07\x80\x08\x98?\xff\xd8\x85\xc5X\xecv\x00+\
\xad[\x02v\x87\xf8\xf8\x97\xc1\xde\x8e5\xd6!D3\
m^s[\x9b\xa7\xf88\xf6\x0e\x02b\xdd\x13\x14\x05\
:\x1cG\xcf\x1d\xdc\xda\xf9\xa4u\x0b\xed\x1f\x07\x80\x90\
\xabOfV\xaa\xe0\xf62\x7f\x91\xcf\x1dp\x9c+\xf3\
[\xd7\xaf\xb6\x0e!\x0aZCjy\xbb\x0f\xe7c(\
\xe3A@\x80nu\x9c\xd7\xf2\xdf\xe9p\xe3\x00\x10b\
\xf5\xa9\xb6\xd7)p#\xca\xf7\x91\xbew(\xf4c\x85\
\x9e\xce\xfb\xadC\x88J\xad.\xd9~\xb2#\xfe\xa7\x01\
\x9ci\xdd\x12\x90\xed>\x9c7\x0d\xf5\xac\xbf\xcd:\x84\
&\xc7\x01 \xa4\xeaS\xe9\x7fR8_*\xd3\x8b\x87\
6ApU\xbe\xbb\xe3V\xeb\x10\x22k\x89T\xfa,\
\x81|U\x81\xb4u\xcb\xcc\x13O\xa1\xef/\xf4t|\
\xdd\xba\x84\x9e\x8f\x03@\xc8\x88\x88\x9bH\xa6\xbf\xac\xc0\
\xe5\xd6-\x01\xc8C\xe4\xf3\x85\xb9{\xbe\xc2W\x8c\x12\
=KdUU\x22\xb9\xf3=\x0a\xe7\x93\x80\xc6\xad{\
f\x9a\x00_\xcb\xe7:\xdf\xaf\xaa\xbeu\x0b=\x8b\x03\
@\x88\xa4R+\x8f\xd8\x85\xe2\x8d\x02\xbc\xce\xbae\x86\
\xf9\x22r\xe3\xa8/\xff\xbc=\xb7>g\x1dC\x14V\
uG.\x9f\xe7\x16\x9d\x7fS\xc8ee\xb8\xfb\xf7?\
G\xb8\xb3\xdf\xcc'\x07\x86\x07\x07\x80\x90\x98\xdb\x94I\
\xc5\x1c\xfd\x05\xca\xee\xc9~z\x97\xa8s\xc5`.\xbb\
\xd6\xba\x84(*\xea\x9b\xda\x8eWG\xae\x06\xf4\xa5\xd6\
-3\xec\x81\xa2:\xaf\xe5\x17\x81p\xe0\x00\x10\x02\xf1\
\xa6\xccRq\xf4\xf7\x00\x16Y\xb7\xcc\xa0'E\x9d\x0f\
\x0c\xe6\xd6\xff\xd4:\x84(\xaa\x12\xcdmo\x80\xe2K\
\x00Z\xac[f\xd0\xe3\x80\xfb\x8a|\xcf\xba\xc7\xadC\
*]\xb9?\x94\x22\xf4\xea\x16\xaeX&\x0e\xeeB\xf9\
\x1c\xfc}\x00\xd7Vy^;\x0f\xfeD\x87'\xdf\xdd\
q\xeb\x11\xee\xece\x80~a\xef\xd3\xf6\xca\xc2\x0b\x00\
\xef\xde\x86T:c\x1dR\xe9\xb8\x03`hl\x9b\xef\
\xb7\x806Z\xb7\xcc\x90\xacB/\xe1m}D3\xaf\
.\xb9\xfc$\x11\xe7\xbb\x02\xb4Y\xb7\xcc\x90^\xf1\xe5\
U\x83\xbd\xd9\xff\xb3\x0e\xa9T\xdc\x010\x12o\xce\xbc\
H\x1d\xdcQ&\x07\xffQ@\xbfP\xa8\x1dY\xc5\x83\
?Q0\x86r\x1b\xfe<\x94\x9b}<D>\x02\xa0\
\x1c\xee\xa2iRG\xef\xacK.\xaf\x9c\xb7'\x86\x0c\
w\x00\x0c\xd4/H\x9f\xae\xbe\xdc\x06\xa0\xd6\xba\xe5p\
\x09\xf4\xbe\xa28\x97\x0cwg;\xad[\x88*E\xbc\
)\xdd*\x0e\xae\x05\xe4e\xd6-3`\x07\x80\xd7\xe5\
{:\xfe`\x1dRi8\x00\x94X\xbc9}\x8e\xa8\
\xf3c@g[\xb7\x1c\xa6!\x15\xbdr\xa8g\xc3w\
xo/Q\xe9\x89\x88S\x97j{\x8f\xa8~\x0e\xd1\
\xff2\xb1S}9\xbf\xd0\x9b\xfd\x8duH%\xe1\x00\
PB\x0d\xa9\xcck|\xe8\xad\x00j\xac[\x0e\xd3_\
\xa0\xce\x9b\xf3\xb9\xf5\x8fY\x87\x10U\xba\xfa\x05\xe9\xa3\
}O\xae\x17\xc1i\xd6-\x87i\x04*\x7f\x9f\xcfe\
\x7fb\x1dR)8\x00\x94H<\x95y\x93@\x7f\x04\
 f\xddr\x18\x8a\x80~\xa9\x90\x9b\xf31\xd5\xd5\xa3\
\xd61D\xb4\x97\x88\xb8\xf1T\xdb\x87\xa0\xfai\x00U\
\xd6=\x87N<\x11\xbc}\xb0;\xfbC\xeb\x92J\xc0\
\x01\xa0\x04\xe2\xc9\xf4E\x22\xf2\x03D\xfb\xa2\xcb\xc7\x14\
xs\xa1\xa7\xe3/\xd6!D4\xb9\xba\xe4\xf2\x93\x1c\
qo\x04t\xb1u\xcba\xf0Uqq!\xd7q\xa3\
uH\xb9\x8b\xf2\x01)\x12\xea\x93\xe9\xbf\x15\x91\xeb\x10\
\xe1?k\x11\xb9\xbe\xca\xf3\x8e\xe7\xc1\x9f(\xdc\x86r\
\x1b\xfe\x5c\xe5\x15W\x02\xb8\xd6\xba\xe508\x22\xf2\xc3\
Ds\xdb\x1b\xacC\xca\x1dw\x00\x02\x94H\xb6\xbf\x12\
\xe2\xff\x02\x91=\xe7/\x05\x05\xdeS\xe8\xc9\xded]\
BD\x07'\xd1\x9cy=T\xaf\x01\xd0`\xddr\x88\
FT\xf4\xbcBw\xe7\xed\xd6!\xe5\x8a\x03@@\xea\
\x9b3g\xa8\xe2\xf6\xc8^\xed\xaf\xb8\xdb\xad\x8a\xbd\xb9\
\xff\xe9\xb5O[\xa7\x10\xd1\xa1iX\x989J=\xbd\
I\x81S\xac[\x0e\xd1N\x11\xff\x9c\xc1\xee\x0d\x7f\xb2\
\x0e)G\x1c\x00\x02\x10O\xa5_\x22\x90\xdf!\xba\xb7\
\xe6\x5c[\xc8\xcd~//\xf4#\x8a>\x913b\xf1\
d\xee3\x80|\xd8\xba\xe5\x10\xedp|9{\xa07\
{\x8fuH\xb9\xe1\x000\xc3\xea\x93\x99\x95*\xfaG\
Dr\xdbMv\x89\xe0\xdd\xbc\x02\x97\xa8\xfc\x8c\xdd\x89\
\xf4]\x00GX\xb7\x1c<)\xc0\xf5\xcf\xccwu\xfe\
\xd5\xba\xa4\x9cp\x00\x98Au\x8d\xcb\x8fq\x5c\xe7n\
\x00I\xeb\x96C\xf0\xa8\x03\xff\xbc\x81\x9e\x0d\xeb\xadC\
\x88(\x18\x0d\xc9\xf6\x15\xbe\xf8?\x05\xb0\xc4\xba\xe5\xe0\
I\x9f'x\x19\x9f::s\x22{ez\xd8$\x92\
\xedK\xc4u\xeeD\x04\x0f\xfe\x02\xb9]\xf6T\xbf\x88\
\x07\x7f\xa2\xf26\x90[\xbf\xce\x1d\x1dy! ?\xb3\
n9x\xda\xe8*~\x97H\xadx\x81uI\xb9\xe0\
\x0e\xc0\x0c\x98\xdb\x94I\xc5\x1c\xfd3\xa2\xf7J__\
\xa1\x1f\x1f\xcam\xf8\xac\xf2/\x02Q\xc5\x10\x11'\x91\
J\xff\x9b*>\x86\xe8}\x11|\xccC\xec\xe4\xe1\x9e\
\xb5\xbd\xd6!Q\xc7\x01\xe00-\x5c\xb8j\xce\x0eo\
\xd7]\x00^d\xddr\x90\xf2\xea\xcb\x9b\xf8\xecm\xa2\
\xca\x15oN\x9f+*7\x01\xa8\xb3n9H\xf7\xd7\
V\x0d\x9d\xb9e\xcb\x96]\xd6!Q\x16\xb5\xc9/T\
D\xc4\xd9\xe1\xed\xbe\x01\x91;\xf8K\x97\xa8\xbc\x8c\x07\
\x7f\xa2\xcaV\xe8\xee\xbc\xdd\x15\x9c\x0c\xe0I\xeb\x96\x83\
\xf4\x92\xe1b\xdd\xf5\x22\xc2c\xd8a\xe0\x1f\xdeaH\
$\xd3W\x03\xfaw\xd6\x1d\x07i\xad\x1bs_2\x98\
\xcb\xae\xb5\x0e!\x22{\xfd\xdd\x1d\x1d\xa3\x9e\x9e\x04\xc8\
C\xd6-\x07Eq~<\x95\xfe\x82uF\x94q\x00\
8D\x89d\xdb\xa5\x0a\x5cn\xddqP\x04\xbf\xa9\xf2\
\xbc\xd3\xf8p\x1f\x22\x1aoG_g\xf7,\xb8/U\
\xe0\x97\xd6-\x07E\xf1\xa1xs\xe6\xbd\xd6\x19Q\xc5\
k\x00\x0e\xc1\xde\xf3f\xce\xcf\x01u\xad[\x0e\xc2\xb5\
\x85\x5c\xd3e\xaaw\x16\xadC\x88(\x9cD\xc4M$\
\xd3_Q B\x07U\xf1\x04z\xfe`O\xc7\xcf\xad\
K\xa2\x86\x03\xc0AJ,X~\x02|\xe7O\x88\xce\
\xc34T\x04\x9f\x1a\xec\xee\xf8\x84u\x08\x11EC}\
*\xfdO\x0a\xf92\xa2\xb3K\xbcSE\xce(tg\
\x1f\xb0\x0e\x89\x12\x0e\x00\x07\xa1\xbey\xf9\x22U\xe7\xcf\
\x00R\xd6-\xd3\xb4\x1b\x82\x7f\xc8ww\xdcb\x1dB\
D\xd1R\x9fL\xff\x9d\x8a\xdc\x00`\x8eu\xcbt\x08\
\xd0-\xae\xbcd\xa0+\xfb\x94uKTp\x00\x98\xa6\
\x86\x86%q\xad\x9eu\x9f\x02i\xeb\x96\xe9\x91\x82\xaf\
8w(\x97\xbd\xd7\xba\x84\x88\xa2\xa9~A\xfat\xf5\
\xe5\x97\x88\xccm\x82\xb2\xde\x1d\xddsj\x7f\xff\xa6!\
\xeb\x92(\x88\xca\xf6\x8e)\x11\x11\xbf\xa6\xe6\xba\xe8\x1c\
\xfc1\xa8\xd0W\xf1\xe0OD\x87cpk\xe7\xddp\
\xfc3\x01l\xb3n\x99\x1em/VU_/\x22b\
]\x12\x05\x1c\x00\xa6\xa1\xae\xa9\xed\xa3P9\xcf\xbac\
\x9ar\x8e:/+\xf4t\xfc\xc5:\x84\x88\xa2/\xbf\
u\xc3C\x9e\xc8K\x15\xd8j\xdd2\x1d\x02\xbc6\x9e\
l\x8b\xea\x9b\x0fK\x8a\xa7\x00\x0e \x91L\xbf\x02\xe2\
\xfc:\x22W\xfc?\xe5{\xfe+\x86\xfa6<b\x1d\
BD\xe5\xa5n\xe1\xb2c\x1d\xcf\xfd=\x80\x16\xeb\x96\
i\xf0\xd5\x97s\xf9\xb0\xb3\xfd\xe3\x00\xb0\x1f\xf5\x0b\xd2\
G\xab/\xab\x01\xcc\xb7n\x99\x86\xcd\x80\xfb\xf2|\xcf\
\xba\xc7\xadC\x88\xa8<\x8d\xfdN\xbc\x03\xc0R\xeb\x96\
i\x18\x00\xbcU\xf9\x9e\x8dOX\x87\x84\x15O\x01L\
A\x16/\x9e\xa5\xbe\xf3\x13D\xe3\xe0\xbf1V,\x9e\
\xca\x83?\x11\x05ipk\xe7\x93E_N\x03\x90\xb5\
n\x99\x86\x06\xc0\xfdiKK\xcbl\xeb\x90\xb0\xe2\x00\
0\x85\xba\xddG\x5c\x03\xe8\x09\xd6\x1d\xd3\xb0\xd6\x93\x91\
\xd3\xb7m{\xb8\xcb:\x84\x88\xca\xdf\xf6\xdel\x8f\x87\
\xd8\xcb\x01D\xe1q\xe2\xc7\x0d\x8f\xc6\xbfn\x1d\x11V\
\x1c\x00&\x11o\xce\xbcWT/\xb6\xee8 \xc1#\
Eu^5\xdc\xbd\xa9\xcf:\x85\x88*\xc7p\xcf\xda\
^OF^!@\xa7u\xcb\x81\xe9\xdb\x13\xa9\xcc%\
\xd6\x15a\xc4k\x00&\x88\xa7\xd2/\x11\xc8\x9f\x00T\
[\xb7\x1c\xc0cU\x9ewz_\xdf\xc6H\x5c\x99K\
D\xe5g\xfe\xfcc\x17\x16c\xb1\xbb\x01\xbc\xc0\xba\xe5\
\x00F}\x953xk\xf4sq\x00\x18\xa76\xb5\xb2\
\xc9Aq\x8d\x00\x0b\xac[\x0e`\x8b\x88\x7f\xfa`\xf7\
\x86\xcd\xd6!DT\xd9\x12\xa9e\x8b\xa1\xee\xdd\x10\x1c\
i\xddr\x00[\xfc\x98\x7f\xfc\xd0\xd3\x1b\xfa\xadC\xc2\
\x82\xa7\x00\xc6\x88\x888(~/\x02\x07\xff^\xcfq\
^\xc5\x83?\x11\x85A\xbeg\xe3\x13\xaaz&\x80\x1e\
\xeb\x96\x03hq\x8a\xce\xf7\xac#\xc2\x84\x03\xc0\x98\xba\
T\xdbe\x02\xbc\xc6\xba\xe3\x00\xf2\xe2\xe3\xec\xe1\xad\xeb\
7X\x87\x10\x11\xedS\xe8\xed\xdc\xe4\xc0\x7f%\x80\xb0\
\x7f\xbb\xfe[^\x0f\xf0,\x9e\x02\x00P\xbb\xa0}\xb9\
\xeb\xebC\x80\x86\xf9v\x91!\x159\xab\xd0\x9d}\xd0\
:\x84\x88h2\xf5Mm\xc7\xab\x83?\x02HX\xb7\
\xec\xc7\x0e\xdf\xf5N\x18\xea\xda\xf8\xb0u\x88\xb5\x8a\xdf\
\x01\x90\xd6\xd6\x1a\xd7\xf7o\x0a\xf9\xc1\x7f\xa7\xafr\x0e\
\x0f\xfeD\x14f\x83\xbd\x1dk\xc4\xd1\xd7\x01\xb2\xcb\xba\
e?\x8ep\xbc\xd8\x8d\x92\xc9\x84\xfdB\xef\xc0U\xfc\
\x00\x10\xdf^\xfdY\x00\xc7Yw\xec\x87/\xaao\xe1\
\xd5\xabD\x14\x05\x83[;\xef\x86\xe2\x22\x00\xbeu\xcb\
\xd4\xf4\x84\xf86\xfd\x84u\x85\xb5\x8a>\x05\x90H\xa5\
\xcf\x02\xe4\xb7\x08\xf1 $\xd0+\x06{:\xbfj\xdd\
ADt0\x12\xc9\xb6\x0fA\xf0E\xeb\x8e\xfd\xf0\x01\
yE\xbe'\xfbG\xeb\x10+\x15;\x00$\x8e^Q\
\x8f=\xdeZ\x84\xfb\xc5\x16\xd7\xe4{:\xdee\x1dA\
Dt(\xeaSm_W\xe0\xbd\xd6\x1dS\x93.\xad\
\xc2\x8a\xc2\x96\xec\x80u\x89\x85\xd0~\xf3\x0d\xdc\x1e\xef\
;\x08\xf1\xc1_ \xb7\x17r\x9d\x97Yw\x10\x11\x1d\
\xaa|\xae\xf3\x0a\x05~n\xdd15](E\xff\xbb\
\xd6\x15V*r\x00H\xa4\xd2\xef\x00p\x81u\xc7\xd4\
tu\x0d\xdc\x0bU\xd5\xb3.!\x22:T\xaa\xea\xd5\
\xf8\xf2\x16\x08\xd6X\xb7LI\xe5\xbc\xfa\xe6\xcc[\xad\
3,T\xdc)\x80\xc6\xc6e\x0bF]\xb7\x03\xa1\xbd\
ME\xbab\xc5\xd1\x17\xf3\xe5>DT.\x8ehL\
7W\xb9r?\x80\xa3\xac[&'\x85Xq\xb4\xad\
\xd2~\xefV\xdc\x0e\xc0\x88\xeb~\x0b\xa1=\xf8c\xc8\
Q9\xa7\xd2\xfe\x12\x12Qy\xdb\xd1\xd7\xd9\xed\x0a\xce\
\x01\x90\xb7n\x99\x9c\xc6\x8bU\xb1\x8a\xbb\xd8\xba\xa2\x06\
\x80Ds\xdb\x05\x02\xbc\xce\xbac\x0a\xbe\xfar\xe1@\
n\xfd:\xeb\x10\x22\xa2\x99\xd6\xdf\xdd\xd1\xe1\xc3\x09\xef\
\xed\x81\x8a\xf3\xeb\x93\xed\xe7Yg\x94R\xc5\x0c\x00\xf1\
\x96L\x03\x14_\xb3\xee\x98\x9a\xfe[\xa17\xfb\x1b\xeb\
\x0a\x22\xa2\xa0\x0c\xf5\xac\xbfM\x04\x9f\xb6\xee\x98\x8a\x8a\
\xff\xcd\xc4\xd1+\xea\xad;J\xa5b\x06\x00\x8c\xe8\x97\
\x00$\xad3&\xa3\xc0/\x0b\xb9\x0d\xffn\xddAD\
\x14\xb4|O\xe7\xa7\x04r\xbbu\xc7\x14R\xd8\xe3}\
\xde:\xa2T*b\x00\xa8o\xce\x9c!\x82\x7f\xb0\xee\
\x98\xc2&gO\xf5\xc5\xaa\x1a\xcem1\x22\xa2\x19\xa4\
\xaa\xbe\xd68\x17\x01x\xcc\xbae\x0a\x97$Rm/\
\xb7\x8e(\x85\xb2\x1f\x00\x16.\x5c5GU\xbf\x0b@\
\xac[&\xb1\xc3\x81\x9e78\xb8&\xa4\x17\xc6\x10\x11\
\xcd\xbc\xfc\x93\xeb\x06\x1du\xce\x03\xb0\xd3\xbae\x12\x02\
\xe0\xdb---a~?\xcc\x8c(\xfb\x01`\x87\xbf\
\xebS\x00\x96XwLFU\xdf=\xd0\xd3\x99\xb5\xee\
 \x22*\xb5\x81\xdc\xfau\x0a\x09\xeb\xaby[\x87G\
\xeb>j\x1d\x11\xb4\xb2~\x0e@}S\xe68u\xf4\
A\x001\xeb\x96\x89T\xf0\xe5Bw\xc7\x07\xad;\x88\
\x88,\x85\xf8q\xc1E\xf1q\xe2`oGx\x1fb\
t\x98\xcav\x07@D\x5cu\xf5:\x84\xf0\xe0\x0f\xc5\
\xddC=M\x1f\xb6\xce \x22\xb2\x96\xcf\xcd\xfe\x80@\
\xef\xb3\xee\x98DL\x1d|GD\xca\xf68Y\xb6\xff\
`\xf1d\xdb\xdb\xa08\xde\xbac\x12y'&\x17\xa9\
\xdeY\xb4\x0e!\x22\xb2\xa6\xbaz\xd4\x89U]\x08`\
\xd0\xbae\x12'&Rm\x17YG\x04\xa5,O\x01\
46.\xab\x1du\xddG\x00\xa4\xac[\x9eO\xdf\x98\
\xef\xe9\xbc\xd9\xba\x82\x88(L\x12\xcd\x99\xd7C\xf5V\
\xeb\x8eI\xe4\xdc\xd1\x91c\xfa\xfb7\x0dY\x87\xcc\xb4\
\xb2\xdc\x01\x18\x8d\xb9\x1fG(\x0f\xfe\xb8\x8e\x07\x7f\x22\
\xa2\xe7\xcbwg\x7f,\xc0\x0d\xd6\x1d\x93HzU\xd5\
ey\xca\xb6\xecv\x00\x12\xc9\xf6%\x10\xbf\x03@\x8d\
u\xcb\x04\x8fWy\xdeq}}\x1b\x87\xadC\x88\x88\
\xc2\xa8\xa9)3w\xc4\xd15\x00\x96Z\xb7L\xb0G\
}\xc9\x14z\xb3\x8fZ\x87\xcc\xa4\xb2\xdb\x01P\xf1\xaf\
F\xf8\x0e\xfeE_\xfd\xb7\xf0\xe0OD4\xb5\xde\xde\
\xecv_\xe5\xad\x80\x84\xedU\xe85\xe2j\xd9=!\
\xb0\xac\x06\x80D*s\xa6\x00\xaf\xb1\xee\x98HU>\
5\x94\xdb\xf0g\xeb\x0e\x22\xa2\xb0\x1b\xcae\xef\x15\xd1\
\xcfZw<\x8f\xe2\xfcD*}\x96u\xc6L*\x9b\
\x01@D\x5c\x00_\xb1\xee\x98H\x80{\x87z;>\
g\xddAD\x14\x15\xf9\x9e\xa6O\x03\x12\xc2/M\xf2\
\xff\xc6\x8e5e\xa1l\x06\x80\xba\xd4\xf2K\x01m\xb7\
\xee\x98`\x08\xe2\xbfEU\xc3\xb6\x9dED\x14Z\xaa\
w\x16\xa1r\x11\x80\xed\xd6-\x13\xac\x8c'\xdb\xden\
\x1d1S\xcab\x00H\x1c\xbd\xa2^T>i\xdd\xf1\
<\xaa\x1f\x19\xec\xde\xb0\xd9:\x83\x88(j\xf2\xb9\xf5\
\x8f)p\x95u\xc7$>S_\x7f|\xc2:b&\
\x94\xc5\x00\x80\xdd\xfe\x95\x00\xe6[g\x8c\xa7\x82{\x0a\
\xbd\x1b\xae\xb1\xee \x22\x8a\xaa\xa1\x5c\xe77\x00\xdco\
\xdd\xf1\x5c\xda\xa85#\xffb]1\x13\x22?\x00\xcc\
m\xca\xa4 z\x99u\xc7\x04{|\xc8\xa5|\xc5/\
\x11\xd1\xa1SU\xdfw\xdd\x7f\x04\xb0\xc7\xbae\x82\xcb\
kS+\x9b\xac#\x0eW\xe4\x07\x80*G\xaf\x040\
\xc7\xbac<\x85~f\xb8;\xdbi\xddAD\x14u\
C]\xeb6\x8a\xe0\x0b\xd6\x1d\x13\x1c\xe1J1\xf2\xbb\
\x00\x91~\x10Pc\xe3\xb2\x05\xa3n\xecQ@C\xf4\
\xdefY_\x98\x8fU\x9a\xcd\x8eX\x97\x10\x11\x95\x03\
\xc9d\xaa\x13\xdbt\x8d\x02i\xeb\x96qv\xc7\x8a\xc5\
\xa5\xdb\xb6=\xdce\x1dr\xa8\x22\xbd\x030\x1as?\
\x16\xae\x83?|_\xe5]<\xf8\x13\x11\xcd\x1c\xcdf\
G|\xe8\xdb\x01\x84\xe9\xb4\xea,/\x16\x8b\xf4#\x82\
#;\x00\xd4/H\x1f\x0d\xc5\xdb\xac;\xc6S\xc8\xd7\
\x86r\xeb\xc3\xf8ZK\x22\xa2H+\xf4t\xde\x0f\x95\
\xefXw\x8c\xa7\xc0\xa5\xf5\xcd\xcb\x17Yw\x1c\xaa\xc8\
\x0e\x00\xea\xcb\xbf\x01\xa8\xb6\xee\x18gs\x8d\x8f\x8fY\
G\x10\x11\x95+\xb7\xb8\xe7J\x00[\xac;\xc6\xa9V\
u\xae\xb4\x8e8T\x91\xbc\x06 \xde\x94Y*\x8en\
\x00\x10\xb3n\xd9GT\xcf\x1b\xccu\xfe\xcc\xba\x83\x88\
\xa8\x9c%R\xe9\x0b\x01\xf9o\xeb\x8eqF\x01wY\
\xbeg\xdd\xe3\xd6!\x07+\x92;\x00\x8e\xa3\x9f@\x88\
\x0e\xfe\x00\xee\xe4\xc1\x9f\x88(x\xf9\x9e\xce\x9b\xa1\xb8\
\xdb\xbac\x9c*U/\x92\xbb\xbf\x91\x1b\x00\xea\x1a\x97\
\x1f\xa3\x907Zw<K<G\x9d+\xac+\x88\x88\
*\x85(\xae@\x88.\x08\x14\x91\x8b\xea\x16\xaeXf\
\xddq\xb0\x227\x008\xae\xf3q@C\xf42\x06\xfd\
\xde@n\xfd:\xeb\x0a\x22\xa2J1\xd8\xdb\xb1\x06\xc0\
\x0f\xac;\x9e\xa5\xae\xf8~\xe4\xae\x05\x88\xd45\x00\xf3\
\x8e\x5cy\xa4W,>\x0e\xa0\xca\xbae\xccPQ\x9d\
c\xb6\xe7\xd6\xe7\xacC\x88\x88*Imje\x93\x0b\
\xef\x11@\xe3\xd6-cF]\xd7Y\xd2\xdf\xb5>L\
\x17)\xeeW\xa4v\x00\x8a^\xf1\xfd\x08\xcf\xc1\x1f\x02\
\xf9\x04\x0f\xfeDD\xa57\xdc\xb3\xb6\x17\xe2\x87\xe9U\
\xebU^Q\xdfk\x1dq0\x22\xb3\x030o^k\
\x9dWU\xf3T\x88\xa6\xbdG\x0b\xb5#\x19\xdd\xb4)\
l\xcf\xa8&\x22\xaa\x08\x92\xc9T\xc7\xb7i\x16@\xab\
u\xcb\x98!gd\xf7Q\x03\x03\x8f\x15\xacC\xa6#\
2;\x00^u\xd5\xa5!:\xf8CE\xaf\xe0\xc1\x9f\
\x88\xc8\x8ef\xb3#\xa2\x1a\xa6g\xf2\xd7i\xf5\xecP\
=\xa0n\x7f\x22\xb1\x03 \xb2\xaa*\x9e\xdc\xf5\x18\x80\
\x16\xeb\x961w\xe4{:^a\x1dADD@\x22\
\x95\xbe\x13\x90\x97Yw\x8cy\xb2\x90kZ\xaazg\
\xd1:\xe4@\x22\xb1\x03P\xd7\xb4\xebB\x84\xe7\xe0\x0f\
\x85F\xf2\x9eO\x22\xa2r\xe4\xab\xf3Q\xeb\x86q\x8e\
\xaeK\xe6^o\x1d1\x1d\x91\x18\x00\xc4\xc1\x07\xac\x1b\
\xf6\x11\xe8m\x85\x9e\xce\xfb\xad;\x88\x88h\xaf\xa1\x5c\
\xf6^@\x7fg\xdd\xb1\x8f\xc0\xf9\x90u\xc3t\x84~\
\x00H\xa4\xda^\x0e\xc5\xf1\xd6\x1dc\xd4\x17\xe7S\xd6\
\x11DD4\x81\xe3^\x05 $\xe7\xb4\xf5\x84\xfa\xe6\
\xf6\x97YW\x1cH\xe8\x07\x00(>h\x9d\xf0\x0c\xd1\
\x9f\x15\xba\xb3\x0fZg\x10\x11\xd1s\xe5\xb7\xae_-\
\xd0\xdb\xad;\x9e\xa1^x\x8e]S\x08\xf5\x00P\xdb\
\x9cICp\xb6u\xc7\x18\xdfQ\xfd\x84u\x04\x11\x11\
Ma\xef[bC\xb1\x0b\xa0\x90s\xc3\xfex\xe0P\
\x0f\x001\xd5K\x01\x88u\xc7^r\xcb@\xcf\x86\xf5\
\xd6\x15DD4\xb9\xc1\xde\x8e5\x10\xfc\xd4\xbac\x8c\
\x88W|\xa7u\xc4\xfe\x84v\x00\x90\xd6\xd6\x1a\x05\xfe\
\xde\xbac/\xf1<Gx\xee\x9f\x88(\xe4\x5c\xe0\xe3\
\x08\xc9\x8b\x82\x04r\xb1\xb4\xb6\xd6XwL%\xb4\x03\
@\xddP\xf5\xeb\x01\xcc\xb7\xee\x00\x00U\xff\x86\xe1\xad\
\xeb7Xw\x10\x11\xd1\xfe\xf5wwt\x00z\xb3u\
\xc7\x98y\xf1\xe1\xaa\xbf\xb5\x8e\x98Jh\x07\x00\x11}\
\x87u\xc3\x18_}\x0d\xd3\xf3\xa6\x89\x88h?<q\
>\x83\x90\x5c\x0b\x00HhO\x03\x84r\x00H$\xdb\
\x97\x00\xf2R\xeb\x8e1\xbf\x18\xea\xdb\xf0\x88u\x04\x11\
\x11M\xcfpw\xb6S \xbf\xb2\xee\x18sF\xbc)\
\xb3\xd4:b2\xa1\x1c\x00\x80\xf0\x5c\xfc\xe7\xf8\xf2%\
\xeb\x06\x22\x22:H\x82\xb0\xfc\xee\x16q4\x94\xef\x07\
\x08\xdd\xbb\x00\xc6\x9e\xfb\xff\x14\x80\x94u\x0b\x80\x07\xf3\
=\x1d'ZG\x10\x11\xd1\xc1K\xa4\xda\xfe\x02 \x0c\
\xbf\xc3{\x0a\xb9\xd9G\xa9\xae\x1e\xb5\x0e\x19/t;\
\x00\xf1\xd4\xee\xd7!\x1c\x07\x7f@\xf0E\xeb\x04\x22\x22\
:4\x0a\xf9\x8au\xc3\x98T\xa2i\xe7\xb9\xd6\x11\x13\
\x85n\x00\x80\xfa\x97X'\xec%O\x14z\x9a~f\
]ADD\x87f(\xd7q\x0b\x80\xc7\xad;\x00@\
EBrl{V\xa8\x06\x80\x86\x85\x99\xa3\x00\xe7\xe5\
\xd6\x1d\x00\xa0\xd0\xab\xa3\xf0:G\x22\x22\x9a\x9c\xaaz\
\x02\xf9\x86u\xc7\x98\xb3\xeb\x17\xa4\x8f\xb6\x8e\x18/T\
\x03\x80W\xd4\x7f\x04\xd4\xb5\xee\x000X\xe3\xcb\xf7\xad\
#\x88\x88\xe8\xf0\xc4\xbc\xe2\xf7\x00\xe4\xad;\x008\xbe\
\x8f\x8b\xac#\xc6\x0b\xd5\x00\xe0\x08.\xb0n\x18\xf3\x9d\
\xde\xde\xecv\xeb\x08\x22\x22:<}}\x1b\x87\xa1r\
\xadu\x07\x00\x08\xe4B\xeb\x86\xf1B3\x004\xa4\x96\
\xb7+\x90\xb6\xee\x00\xc4sc\xb1oYW\x10\x11\xd1\
\xccpb\xf8& \x9eu\x07\x80Lms&\x04\xc7\
\xb9\xbdB3\x00\xf8pC1\x19\x09\xfc_\xf7?\xbd\
\xf6i\xeb\x0e\x22\x22\x9a\x19\x03]\xd9\xa7 \xfa{\xeb\
\x0e\x00\x88A\xc3\xb2\xd3\x1d\x9e\x01\x00\xa1\xf9Cq\xbe\
k]@DD3K\xfcp\xfcnW_\xdeh\xdd\
\xb0O(\x06\x80\xfa\xa6\xb6\xe3\x01\xb4Zw\x00\xe8\xc9\
\xe7f\xfd\xda:\x82\x88\x88fV\xbew\xfe/\x04\xe8\
\xb6\xee\x80\xe8\xb1\x0d\xc9\xf6\x15\xd6\x19@H\x06\x00u\
4\x14\xdb\xff\x80\xfcg\xd8\x9e\xd4DDD\x87O\xf5\
\xce\xa2B\x7fd\xdd\x01\x00\xbe\x84c\xc7;\x14\x03\x00\
 \xaf\xb7.\x00\xa0P\xde\xfaGDT\xbeb\xd7\x22\
\x14o\x09\xd4P\x9c\x060\x1f\x00\xe2\xcd\x99\x17\x01X\
b\xdd\x01\xc8\x1d\xf9\xdc\xfa\xc7\xac+\x88\x88(\x18\xf9\
\x9eu\x8f\x03\xb8\xcb\xba\x03\xc0\x92\xc4\xc2\xf4\x0b\xad#\
\xcc\x07\x00\x09\xcb\xc5\x7f\xa2\xa1\xb8@\x84\x88\x88\x82\xa3\
\x90p\xfc\xae\xf7\xec\x9f{c:\x00\x88\x88@\x11\x86\
\xed\xffm\x85\xb9#\xbf\xb0\x8e \x22\xa2`\x0d\xcd\xc7\
O\x00\xe9\xb3\xee\x00\x9c\x0bD\xc4\xf4\xb5\xf7\xa6\x03@\
\xbcy\xd9\x0b\x01,\xb2l\x00\x00\x85^\xaf\x9b6\xed\
\xb1\xee\xf72\xb5;\x00\x00 \x00IDAT \x22\
\xa2`i6;\x22\xd0\xff\xb6\xee\x00tq\xa21}\
\x9ce\x81\xe9\x00\xa0\x9e{\x8e\xe5\xfa\xcf\x10'\x04\x7f\
\x19\x88\x88\xa8\x14<\x95\x9b\xad\x1b\x00@\x1d\xbc\xdar\
}\xd3\x01\xc0\x11\xffl\xcb\xf5\xc7<5\xd4\xd3\xf1\xa0\
u\x04\x11\x11\x95\xc6po\xc7}\x00\x9e\xb4\xeeP\x85\
\xe91\xd0l\x00H\x1c\xbd\xa2^!'Z\xad\xff,\
\xfd/U\x0d\xc1m!DDT\x0a\xaa\xaa*\xf8\x89\
u\x87\x08N\xaa\xaf?>a\xb5\xbe\xdd\x0e\xc0\x9e\xe2\
+\x01\xc4\xcc\xd6\xdf\xc7\xc5-\xd6\x09DDTb\x1a\
\x8a\xdf\xfd1\x9d5z\x96\xd5\xe2f\x03\x80\xaa\xed\xb9\
\x8f1\x8f\xe7\xbb:\xffj\x1dADD\xa55\x94\xeb\
|\x00\xc0f\xeb\x0e\x18\x9e\x060\x19\x00DD\x1c\x91\
WZ\xac=\x01/\xfe#\x22\xaa@\xaa\xaaP\xb9\xd5\
\xbaC\xa0\xe7X\xdd\x0eh2\x00$\x1a\xd3\xc7)\xd0\
l\xb1\xf6x\x8e:\xa1\xb8\x12\x94\x88\x88\x0c\xb8\x9e\xf9\
1@\x81\xe6\xfa\xa6L\xbb\xc5\xda&\x03\x80\xf5\xad\x0f\
{#\xe4\xe1\x81\xdc\xfau\xd6\x19DDd#\xbfu\
\xc3C\x00\x1e\xb5\xee\xf0\x1d59&\xda\x0c\x00\xc6\xb7\
>\x00\x808~\x18.\x00!\x22\x22[\xe6\xa7\x01\xa0\
6\xb7\xc4\x97|\x00\x987\xaf\xb5N\x04/)\xf5\xba\
\x13\xf9pn\xb3n \x22\x22[\xbe\xca\xed\xd6\x0d\x80\
\x9c\xd2\xd0\xb0$^\xeaUK>\x00\xf8\xb1\xaa\x97\x03\
\xa8*\xf5\xba\x13l\x1b\xea\xe9Xm\xdc@DD\xc6\
\x86{;\xee\x070h\x9cQ\xa5\xd5\xb3_Z\xeaE\
K?\x00\x08N+\xf5\x9a\x13\x09\xf0[U\xf5\xad;\
\x88\x88\xc8\x96\xaaz\x00~o\xdf\x81SK\xbdf\xc9\
\x07\x00\x81\x9cR\xea5'\xf2\x15\xbf\xb1n \x22\xa2\
p\x10\xb1?&\x88\xf8%?6\x96t\x00hii\
\x99\x0d\xc0\xf4\xedG\x00|_b\xbf3n \x22\xa2\
\x90\x18\xf5\xe4\xd7\x00L\x1f\x09\xaf\x90\x13d\xf1\xe2Y\
\xa5\x5c\xb3\xa4\x03\xc0\xf6\xe2\xdc\x13\x01T\x97r\xcdI\
<4\xdc\xb3\xb6\xd7\xb8\x81\x88\x88Bb{o\xb6\x07\
\xc0Z\xe3\x8c\x9a\xda\x9dG\x9cP\xca\x05K:\x00\xa8\
:\xe6\xdb\xff\x22\xf8\xb5u\x03\x11\x11\x85\x8e\xf9i\x00\
\xc7)\xedi\x80R_\x03`>\x00x\xbeo\xfeC\
&\x22\xa2p\x11\xb1?6\xa8\x96\xf6\x1a\xb9\x92\x0d\x00\
c\xcf:\xb6\xbe\xff\x7fp\xb8w\xe3\x03\xc6\x0dDD\
\x142\xf9\x9e\xd4\xbd\x80\x14,\x1b\x048\xb9\x94\xef\x05\
(\xd9\x0007\xd5\xb6\x1c@C\xa9\xd6\x9b\x94\xe2\x0f\
c\xb7|\x10\x11\x11=C\xf5\xce\xa2B\xef2\xce\x98\
_\xbb\xa0\xfd\xd8R-V\xb2\x01\xc05\xb8\xc7q\x22\
\x15\xfc\xafu\x03\x11\x11\x85\x93(\xee\xb1np=\xef\
\xe4R\xadU\xb2\x01@\xc5\xfe\xfc\xbf8\xfe\xbd\xd6\x0d\
DD\x14N>\xec\x8f\x11Z\xc2k\xe5Jw\x0d\x00\
\xd4\xfa\xfc\xff\x8eB\xf7\x11|\xfb\x1f\x11\x11Mj\xb8\
\xd1}\x08\xc0n\xd3\x88\x12^\x08X\x92\x01\xa0\xb1q\
Y-\x14\xad\xa5Xk?\xfe\xa2\xbaz\xd4\xb8\x81\x88\
\x88BJ\xb3\xd9\x11U<h\x1a!z\xcc\xbcy\xad\
u\xa5X\xaa$\x03\xc0\x1e\xa7\xaa\x1d@\xc9\xael\x9c\
\x8c\x88\x9ao\xed\x10\x11Q\xb8\x89\xc0\xfaX!\xea\xd6\
\xac(\xc5B%\x19\x00\x1c\xf8%\xf9\x87\xd9\x1f\xdfs\
\xee\xb3n \x22\xa2p\xf3\xe1X\x0f\x00\xf0\x1c=\xbe\
\x14\xeb\x94\xe8\x1a\x00i/\xcd:S\xf2\x9d\xd1\xaa\xfb\
\x8d\x1b\x88\x88(\xe4\x9c\x1a\xb9\x17\x80\xe9\xdbb\x05(\
\xc9\x00\x10+\xc5\x22\x0am7\xdd\xff\x87t\x0c\x0e\xae\
\xc9\x9b&\x10\x95\x98\x888\xf5\x0b\xda\x8eT\xdf[\x0c\
\xb8\x8b\x01]\xa4\xaa\xb3\x00I\x00\x10\x15\x99%\x8a\x11\
(\x06\xe1\xa0\x1f\x8a\x01\x15\x7f\xab\xa8\xdfY\xc8=\xbc\
YUM_\x8eBd!\xff\xe4\xba\xc1\xfaT\xdbF\
\x05\xd2\x86\x19\xe51\x00\x88\x88\xc4\x93i\xe3\x1d\x00\xe5\
\xf6?\x95\xbd\xba#\x97\xcfC1v\x92\x03\xff\x14U\
\x9c\x12O\xb6\xad\xf2=\x9d\xbdw\xa3o\xdf\xb1\xfc\xd9\
Q\x5c\xf6\x1d\xdf\xe5\xd9\xffYT\x00\xb8\x88'\xd3\xdb\
\x13\xa9\xb6N\x08\xfe\x0a_\xee\x90\x91\xaa?p\x88\xa6\
J\xa1\xd0{\x01\xb1\x1c\x00\xd2\x22\xab\xaa\x82\xbep=\
\xf0\x01\xa0~A[\x8b\xefi\x22\xe8u\xf6G\x00>\
\xfe\x97\xcaR\xdd\xc2c\xe7;\xc5\xd8\xeb!\xb8\xc0\x81\
{:\xe0\xbb\x00\xb0\xf7a\xa2\x87\xf5\x05~.\x80\x13\
\xa18\x11\xa2\xef\xd2\x9aQ\xaf>\x95\xfe\x8bBnw\
]\xe7\xfa\xfe\xae\xf5[f \x9f(\xac\x1e\x00p\x89\
\xe1\xfa\xd5sS\xbb[\x01t\x06\xb9H\xe0\x03@\xd1\
\x93\x15\x8e\xedk\x96\xa1\x8e\xc3\xfb\xff\xa9l\x88\x88\xd4\
\xa5\xd2g\x0bp\xb9\xa3\xb1\xb3 \xfb\xfe=\x0e\xf2\xdf\
3u\x15r2\x80\x93=O?\x95H\xb6\xfd\x0e\x8e\
\x5cW\x98\x87_h6;\x12\xe0\xc2D%\xa7\xe2\xac\
\x13\xe33`\xee\xdeS\x10\x81\x0e\x00\x81_\x04\xe8\xc0\
[\x19\xf4\x1a\xfb'^\xad\x9b\xef\xb0m :|\x92\
\xc9T\xd7'\xd3\x17\xc7\x93\xe9u\xa2\xf8\x15\x14g\xa3\
D\xd7\xf1<\x97\xba\x10\xbc\x1a\xaa\xb7\xc6\xb7\xe9S\x89\
\xe6\xcc\x87[ZZf\x97\xbe\x83(\x18s\x9dYY\
\x18_\x08\xa8\xbe\xb6\x05\xbdF\x09\xee\x02p2\xc1\xaf\
\xb1\x1f\x8aG\xb7l\xd9\xb2\xcb\xb4\x81\xe80\x88\x88\xc4\
S\x997\xc5\xb7\xe9\xa3*\xf2C\x00\xb6\xffN=W\
\x12\xaa\x9f\x1f\x1e\xa9{$\xde\x9c\xb9LdU\x95u\
\x10\xd1\xe1\xea\xeaZ\xbd\x13\xc0c\x96\x0d\x22\xc1_\x84\
X\x82\x01@mw\x00D\xd7\x9a\xaeOt\x18\x12\x0b\
\xd3/\xackJ\xffI\xa07\x01h\xb1\xee\x99\x92\xe0\
HQ\xfdF<\xb9\xfb\xa1\xba\xe4\xf2\x93\xacs\x88\x0e\
\x9b\xc0\xfa\xd4q\xb4\x07\x80\xb1o\x03\xa6\x8f\x00V\x95\
\xac\xe5\xfaD\x87BZ[k\xe2\xa9\xcc\xd5\xf0\xe4A\
\x11\x9cf\xdd3}\xda\xee\x88sO\xa29\xf3\xad\x86\
\x86%q\xeb\x1a\xa2C\xa5>\xd6\x1b'\xb4\x8aH\xa0\
\xc7\xe8@?\xbc\xaeq\xe7\x22\x98\x9c\xa3|\x96#\xe0\
\x0e\x00EJ\xdd\xc2\x15\xcb\xe2\xdb\xab\xff,\xd0+P\
\xc2\x17v\xcd \x07\xaa\xef\xf6\xabg\xad\x8f\xa7\xd2\xd6\
/\x01#:$\x0e\x1c\xeb\x01\xa0\xa6a\xe1\x8a\x05A\
.\x10\xf0/\x17gI\xb0\x9f\x7f`\x8a\xa2\xf5\x0f\x91\
h\xda\x12\xa9\xf4;\x1c\xcf{\x08Z\x9a\x07\x81\x04\xac\
E w%\x92m\xef\xb2\x0e!:X\xbe\xaa\xf5)\
\x00\xe8Hqq\x90\x9f\x1f\xec\x00\xe0bi\xa0\x9f\x7f\
`C\x85\xdc\xc3\x9b\x8d\x1b\x88\x0eHD$\x91J\x7f\
\x1e\x90\xef\x02\x98c\xdd3\x83j \xf8v<\xd9\xf6\
}^ HQ2\xd4\xd7\xf18\x80\xed\x96\x0d*\x1a\
\xe1\x01@m\x07\x00\x01\xd6\xf3q\xa6\x14v\x92\xc9T\
'\x92\xe9\xeb\x01\xf9\xb0uKPD\xf0\xd6Dr\xf7\
\xcfx\xbb E\x85\xaa\xfa\x00Lo!\xf7\xe1,\x0a\
\xf2\xf3\x83\xbe\xc0\xc0t\x00P\xc8F\xcb\xf5\x89\x0e\xa4\
\xa5\xa5ev|\x9b\xde\xae\xc0\x9b\xad[\x82\xa6\xd0s\
\x87G\xea~\xc3\x8b\x03)*T\xb1\xc1r}\x11]\
\x14\xe4\xe7\x07|\x0d@\xb0\xdb\x17\x07\x5c\x1d\xfef\xcb\
\xf5\x89\xf6GdU\xd5\xf6\xd1\xda[\x00\x9ce\xddR\
2\x82\xd3\xfd\xeaY\xbf]\xb8pU9\x9d\xe6\xa0\xf2\
\xb5\xd9v\xf9\x08\x9f\x02P\xeb\xfb\x96U\x9e0]\x9f\
h\x0a{_\x92\xb5\xeb\x1a\x85\xfc\x8du\x8b\x81\x17\xef\
\xf0v\xdd*r\x86\xe9\x1dBD\x07\xe28\xb2\xd9\xb6\
@\x16\x05\xf9\xe9\x81\x0d\x00c\xdb|\xb5A}\xfet\
\xb8*OZ\xaeO4\x95\xbad\xdb\xd5\x00\xfe\xd1\xba\
\xc3\xd09\xf1d\xee[\xd6\x11D\xfb%\xbe\xf5\x97\xc8\
#\x83\xbcx6\xb8\x1d\x80\xea\x1a\xf3\xa7\x969\xfe\xa8\
\xf5\x0f\x8f\xe8y\xe2\xa9\xcc\xdf\x0b\xf4\x9f\xac;\xec\xc9\
%\xf5\xa9\xcc\xfb\xad+\x88\xa6\x22\xe2l6N\x88\xc5\
\x93\xdb\x8f\x0c\xea\xc3\x03\x1b\x00<\xc1QA}\xf64\
\xed\xe9\xef\x7f\xa4\xdb\xb8\x81\xe89\xe2M\xe9V\x81~\
\xdb\xba#,\x14\xfa\x05>,\x88\xc2jpkG\x17\
\x80Q\xcb\x06\x91\xd8\xa2\xa0>;\xb0\x01@|\xb1\xdd\
\x01\x10<9v\x1b\x07Q(\xc8\xe2\xc5\xb3\xc4\x91[\
\x00\xd4Y\xb7\x84H\x95@n\x987\xaf\x95\x7f&\x14\
:\xaa\xea\x01\xd8b\x1c\x11\xd8\x85\x80\xc1\x0d\x00\x0e\x9a\
\x83\xfa\xeciQ\xddl\xba>\xd1\x04\xf1\xdds>\x03\
\xe08\xeb\x8e\x10ZR\x8cU}\xcd:\x82h\x0a\x8f\
[.\xee\xabD\xef\x14\x80*RA}\xf6\xf4\xf0\x0e\
\x00\x0a\x8fy\xcdmmP\x5cn\xdd\x11V\x22rq\
}s\xfb\xcb\xac;\x88\x9e\xcf\xf6N\x00\x01\x92A}\
v\x90\xb7\x01\x06\x16==\xd6\xb7o\x10\xed%\x22\xe2\
\xa9~\x03\x00\x1f\x85;5\xf1\xd5\xff\x06\x1f\x17L\xe1\
c\xfd<\x19m\x0a\xea\x93\x83;\x05\x004\x06\xf5\xd9\
\xd3\xa1\xaaO[\xaeO\xb4O\xa2i\xf9E\x80\xbc\xcc\
\xba#\xec\x04h\xabK\xeez\xb7u\x07\xd1x\xa2\xb6\
\xd7\x00h\x14w\x00\x14\xc6\xd7\x00@\xfal\xd7'\x02\
D\xc4U\x91\x8fZwD\x85\x00\xff\x96J\xad<\xc2\
\xba\x83h\x1f\xdf\xc16\xcb\xf5\xc5\x89\xe0\x00\x00\xe3\x1d\
\x00q\xa5\xdfr}\x22\x00\xa8K\xb6]\x08\xa0\xd5\xba\
#B\xe6\xedB\xf1\xed\xd6\x11D\xcfrL\x07\x00(\
\xa2u\x0a@2\x99j\x18?\x05P\xb4h\xfbC\xa3\
\x8a'\x22\x22\xc0G\xac;\xa2F\x14\xff<\xf6;\x84\
\xc8\x9c\xf8\xe6_&\xe3A=6;\x90\x01`\xee6\
7\x11\xc4\xe7\x1e\x8cXQ\xad\x7fhT\xe1\xeaR\xcb\
\xcf\x01\xb4\xdd\xba#r\x04G&\xfa\xf1&\xeb\x0c\x22\
\x00pFwZ\x7f\x99\x94\xda\x05[\x039\xa6\x06\xb3\
\x03\xe0\xee\xa9\x0f\xe2s\x0f\xc2\x9e\xbe\xbe\x8d\xc3\xc6\x0d\
T\xe1\x04R\xc9\xcf\xfa?,\xaa\x15\xfd\x9e\x04\x0a\x91\
\xc1\xc1\xc7\x87\x00\x8cX6\xc8hU\x84\x06\x00\xcf1\
\x1d\x00\x14\xe0\xb7\x7f2\x958zE=\x14\x95\xf8\xa6\
\xbf\x19\xa2\xa7\xd77/_d]A\xa4\xaa\x0a`\xd0\
\xb2Ab\x12\x9d\x01\x00\xbecz\x0a@\xa0\xd6[6\
T\xe9v{\x17\x00\xa8\xb1\xce\x880Qux\x1a\x80\
BAa{'\x00</\x90/\xd5\xc1\xec\x008~\
<\x88\xcf=\x08\x03\xc6\xebS\xa5\x13}\xa3uB\xf4\
\xf1\xcf\x90\xc2A\xd4xW\xd9\x89\xd2\x0e\x80\xf1\x1d\x00\
|\x06\x00YZ\xb8p\xd5\x1c@N\xb2\xee\x88>i\
\x9f\x9bl7~\xa2(\x11\x00\xc7vWY\x80\xb9A\
|n \x03\x80Bf\x07\xf1\xb9\x07\xc1\xf4|\x0dU\
\xb6\x1d\xde\xce\x93\xc1\xed\xff\x99 1\xc7\x7f\xa9u\x04\
\x11\xd41\xddU\xf6!s\x82\xf8\xdc`N\x01H0\
\xb1\xd3\xa5\x90]\x96\xebS\xa5\x933\xad\x0b\xca\xc8\x19\
\xd6\x01D\x02\xddm\xba\xbe\xaf\x81|\xa9\x0ef\x00@\
0\xb1\xd3^_mo\xd9\xa0\xca\xa6\x82\xd3\xac\x1b\xca\
\x85(N\xb7n R\xc1\x1e\xd3\xf5\xa3\xb4\x03\xa0\xbe\
\xed\x0e\x80\x18\xff\xb0\xa8\xb2\x89\x22m\xddP.\x14h\
\xe5\x1b\x02\xc9\x9c\xf1\x97J\x91(\xed\x00\x04\x14;]\
\xbeb\xd4r}\xaa\x5c\xb5\xcd\xad\x8d\x00\x1a\xac;\xca\
HU\xed\xfc\x1d\x8b\xad#\xa8\xb2\xa9\xda~\xa9\x14 \
B;\x00P\xd3\x0b\xa0\xc4\xe1\x0e\x00\xd9\xa8\xf2j\x8e\
\xb5n(;n\xec\x18\xeb\x04\xaal\x22\xb6;\x00*\
\x08\xe4\xdd\x18\x01\xdd\x06\xe8\x04\xf9\x96\xc1\x03\xe25\x00\
dE]\xe5\x9b\xfff\x98\xab\xca\x01\x80L\x89\x8a\xed\
\x97J\x95\xe8\xbc\x0cH\xd5\x0f$v\xba|\xf1\xb9\x03\
@&\x14j\xfa\x1a\xecr\xa4\xc2S*d\xcbw\xac\
\xbfT\xaa\x1b\xc4\xa7\x062\x008\x22\x81\xc4N\x17w\
\x00\xc8JP\x0f\xec\xa8d\x02\xad\xb3n\xa0\xcaf}\
L\xd1\x80\x8e\xa9A]\x03\xc0\x01\x80*\x92\xaf\x8e\xf1\
S0\xcb\x8f\xaf\xd6O\x16\xa5Jg}g\x99\xa8F\
\xe7\x14\x00`\xbb\x03\xe0\x1b_\xb0A\x95\x8b;\x003\
O\x1c\x0e\x00d\xcbW\xeb\xd3\xca\x11\xda\x01 \xaa`\
b\x1d@D4\x1d\x01\x0d\x00\xea\x05\xf3\xb9\xd3\xe3h\
0\xb7L\x10\x1d\x88\x02\xc3\xd6\x0d\xe5F}\xfe\x99\x92\
-G\x1c\xe3w{\x04sL\x0d\xe8Q\xc0b:\x00\
\x04u\xcf$\xd1\x818\xc0v\xeb\x86r\xe3\x08\x07\x00\
\xb2\xa5j\xfbr/\x15)\x06\xf1\xb9\x81\x0c\x00\xbe\xda\
\xee\x00p\x00 +*>\x0fV3\x8c\xbb*d\xcd\
\xfa\x98\x22\x01\x1dS\x03z\x14\xb0\x13\xc8\xb42]\x8e\
Zo\xd7P\xc5R\xf4['\x94\x1bQ\xe1\x9f)\x99\
r|\xeb/\x95\xc1\xec\xaa\x07t\x0d\x80\xef\x07\xf3\xb9\
\xd3c=\xadQ\xe5r|y\xc4\xba\xa1\xdc\x88`\x93\
u\x03U6\x15\xdb\xc7\xdbC4:\xa7\x00\x04\xb6\x8f\
MT\xdf\xf6|\x0dU\xaeQ'\xf6\xb0uC\xb9)\
\xbaE\x0eUdJ\x8d/,\x0f\xea\xd96\x01=\x0a\
Xv\x05\xf1\xb9\xd3\xe5\x08\xf8\xfaP21\xdc\xb3\xb6\
\x17@\xde\xba\xa3\x8c\x8c\x0eo\x9d\xfb\xb8u\x04U6\
\x11\xe3\x8b\x00\x81\x9dA|n0;\x00\x8e\x06\x12;\
]\xd6WlRe\x13h\xa7uC\xb9\x10`\x93\xea\
j\xbe\xde\x9bl\x19\x9fV\x0e\xeaKu@\x8f\x02\xb6\
\xdd\x01\xe05\x00dI\x81\xff\xb5n(\x17*\xb8\xdb\
\xba\x81H\x8c\xbfT\x0a\x82\xf9R\x1d\xd0)\x00\xdb\x1d\
\x00\x81\xce\xb6\x5c\x9f*\x9c\xba\x7f\xb4N(\x1b\xaaw\
Y'\x10)d\x96\xe9\xfaN\x84v\x00\x04j\xba\x03\
\x00\xe5\xebC\xc9\xce\x11\xb1\x9a{\x00\xbe\x8fb\x06h\
Q\xdd\xbb\xac#\x88\x00\xcc\xb3\x5c\xdc\x89\xd2\x0e\x00\xac\
\x1f\xdc!:\xdft}\xaah]]\xabwBq\xbf\
uG\xf4Iv{n}\xce\xba\x82\x08\xaa\xa6\x03\x80\
\x06\xf4\x84\xd1\x80N\x018\xc6WA;\xa6?,\x22\
u\xf4f\xeb\x86\xe8\xd3\xff\xb2. \x02\x00\x11\xd8~\
\xa9T\x0c\x04\xf1\xb1\xc1\xec\x008\x18\x0c\xe4s\xa7I\
\xc0\x1d\x002\x16s\xfe\x1b\xb0}\x87x\xc4\xa9\x88\xcf\
\x01\x80BAa<\x008~ _\xaa\x83\xd9\x01(\
z\xa6;\x00\x0a\xcc\x13\x11\xbe\x96\x95\xcc\x14\xb6d\x07\
\x00\xf9\x95uGd)\xfew\xb0{\xc3f\xeb\x0c\xa2\
\xb1cI\xbdi\x84\x17\x8b\xd0\x00\xe0V[?\x08\xa5\
\xba\xa1ai\xadq\x03U8\x01~`\xdd\x10U\xe2\
\xc8\xf7\xad\x1b\x88\x00 \x918.\x0e\xd8>\x5c\xce\xaf\
*Fg\x00\xd8>\xdfv\x07\x00\x00\xbc*\x97\xd7\x01\
\x90\xa9|\xae\xe3\x97\x00\xb2\xd6\x1d\x91\xa3x:?\x0f\
7Yg\x10\x01\x80_5j}JY\x87\xbb6F\
g\x00\xd0lv\x04\xc6w\x02\xa8\xc4\xac\x7fhT\xe1\
t\xaf\xff\xb0\xee\x88\x1a\x15|q\xecw\x08\x91=\xc7\
\xf6\x0e\x00\x00\x05\x8d\xd2\xeb\x80\xc7\xd8\xde\xbe\xe3\xd9\xde\
\xb7I\x04\x00C\xbd\x1bn\x02\xf0\xa8uG\x84\xf4\xcf\
F\xec?\xad#\x88\x9ea\x7f[yOP\x1f\x1c\xd8\
\x00 \xd6\x03\x80\xfd\x0f\x8d\x08\xaa\xea\x89\xc8g\xad;\
\xa2B\x81O\xf6\xf4\xac\xdda\xddA\xb4\x8f\xe3\xdb~\
\x99TE_P\x9f\x1d\xd8\x00\xa0\xa2\xa6\x03\x80\x08Z\
,\xd7'\xda'\xdf\xd3\xf1C@\xfed\xdd\x11v\x0a\
t\x0c\xe5\x9a\xbem\xddA4\x9e/8\xcar}\x91\
\x08\xee\x00\x00\xd2\x1b\xdcgO\xcb\x22\xe3\xf5\x89\x00\xec\
\xbd\x16\xc0\x81\xff^\x00|\xab\xdd\xd4\xd4\x11\xe7\xbd\xaa\
w\x16\xadC\x88\xc6\x138\x8bl\xd7\x0fn7\xbd|\
O\x01@\x16\xdb\xaeO\xf4\xac\x81\x9e\xce\xacB\xbfa\
\xdd\x11V\xaa\xfa\xa3\xc1\xee\xf5wYw\x10=\x9f.\
\xb2\x5c\xddW\x89\xe0)\x00\x95\xadA}\xf64\x0b\x16\
\xd9\xaeO\xf4\x5cuU\xc3W\x01Xk\xdd\x11B\x8f\
\xc5\x8a\xa3\x97[G\x10M\xc1\xf4\xcb\xa4#\xfat`\
\x9f\x1d\xd4\x07\xab\xe8\x96\xa0>{\x9a\x8e\x16\x91 \xef\
r :([\xb6l\xd9\xe5{\xfe\x05\xb0~YV\
\xb8\x8c*\xf4-\xfd\xfd\x9b\x86\xacC\x88&\x12\x11\x17\
0\xbe\x9eL\xe4\x89\xa0>:\xb0\x03\xa4\xab\xe6\x03@\
u\xc3\xc2\x15\x0b\x8c\x1b\x88\x9ec\xa8o\xc3#\xaaz\
\x99uGX\x08\xe4\xc3\x85\x9eN\xbe9\x91B\xa9~\
A\xdbB\x18?\x05P\xb5\xb89\xa8\xcf\x0e\xee\x1b\xf2\
\xc8\x1e\xeb\x01\x00:\xe2-\xb2n \x9a\xa8\x90\xeb\xbc\
^\x00^\x0f\x00\xf9\xde`O\xf6j\xeb\x0a\xa2\xa9\xa8\
\xefY_KV,\xe4\x9a\x03;\x96\x066\x00\x0c\x0c\
<V\x00`\xba\xad\xe7\x09\xaf\x03\xa0p\xca\xe7:/\
W\xd5\x1fZw\x18\xfaU!\xd7\xf8n\xeb\x08\xa2\xfd\
s\xad\x07\x80\xa7\x83\xbc3&\xd0s\xe4\x0a\x18\xef\x02\
\xf0N\x00\x0a'U\xd5\xa1\xde9\x97@\xf1k\xeb\x16\
\x03\x0f\xceB\xec\x02\xde\xf2Ga\xe7\xfbz\xb4qB\
`\xe7\xff\x81\x80\x07\x00\x07\x1ah\xfc\x81\x08w\x00(\
\xc4TW\x8f\x1e\x11\x9b\xfdz@\xef\xb2n)\x15U\
\xfc\xaf3\xb2\xfb\x15|\xda\x1fE\x83Z\x7f\x89\xdc\x1c\
\xe4\x87\x07:\x00\xf8p\x8c\x9f\x81.\xcbm\xd7'\xda\
\xbf\xae\xae\xd5;\x0b\xf3\x9dW\x01\xe5\xff\xf6;\x81\xdc\
>76\xfb\xec\xb1\xd3\x83D\xa1'\x22i\xcb\xf5U\
\x83\xbb\x03\x00\x08x\x00\x80\xe0\xb1@?\xff\x804#\
\x22b\xdb@\xb4\x7f\x9a\xcd\x8e\x14r\x9do\x81\xe0\xff\
Y\xb7\x04EU\x7f\x98\xcf\xcd\xfa\xbb\xae\xae\xd5;\xad\
[\x88\xa6c\xec6r\xd3\x01\x00\xf07\x07\xf9\xe9\xc1\
\x0e\x00\x9e\xf9[\xd0j\xe3\xc9v\xeb-\x1c\xa2\x03R\
U\xcdww\xfc3 \x97\x02\xb2\xcb\xbag\x06\xed\x81\
\xea{\x0a\xb9\xce\xb7\xaa\xae\xe6\xa3\x90)2\xea\x1a\x97\
/\x01p\x84e\x83\xab\xb29\xc8\xcf\x0f\xf8A9\xbe\
\xf1\x0e\x00 Z\x5ca\xdd@4]\xf9\x9e\xec\xb5\x9e\
#'\x00\xf8?\xeb\x96\x19\xb0E\xa1/\xcb\xe7:\xf9\
\x82\x1f\x8a\x1c\x11\xc7\xfc\xd8\xe1\xf8\xc5\xc7\x03\xfd\xfc \
?|\xa8o\xcef\x18\xbf\x00\xc5\x87\xd3n\xb9>\xd1\
\xc1\x1a\xde\xba~Ca\xf6\xce\x93\x04\xf8:\x00\xdf\xba\
\xe7\x10\xf8\x10|G\xf6T\xaf\xe0C~(\xaa\xc4Q\
\xebc\xc7\x9e\xfe\xfeG\xba\x83\x5c \xd8\xdb\x00u\xf5\
\xa8\x02\x8f\x04\xb9\xc6\x81\x88\x98\xff\x10\x89\x0e\x9a>\xf1\
\xc4\xee\xc1\x9e\x8e\xcb\xe1\xf8'\x0ap\xafu\xcf\xf4\xc9\
z_\x9d\xd3\xf2\xdd\x1d\xef\x1e\x1c\x5c\x93\xb7\xae!:\
T\xaab\xbc\x03 \x8f\xa8j\xa0_\x00\x02\x7fV\xbe\
@\xd7\x05\xbd\xc6~\x99\xff\x10\x89\x0e]~\xeb\x86\x87\
\xf2\xb9\xce\xd3Tq\x11 ]\xd6=S\x93.\x15y\
o!7\xeb\x84\xa1\xdc\xfa\xfb\xack\x88\x0e\x9f\xf9\x97\
\xc7\xce\xa0\x17(\xc1\xcbrd}\xf0k\xecoy,\
]\xb8p\xd5\x1c\xd3\x06\xa2\xc3\xa0\xaaZ\xc8u\xdcP\
\x98\x8f\x17\x88\xea?(\xd0a\xdd4N/D>R\
[Uh-tg\xbf\xc9\x0b\xfd\xa8\x1c\xa4R+\x8f\
\x00\xf0\x02\xcb\x06\xd5\xe0\x07\x80X\xd0\x0b\xa8\xe8:Q\
\xcb;\xf1\xd4\xdd\xee\xefn\x03\xf0\xa0a\x04\xd1a\xd3\
lv\x04\xc0\x8fD\xe4\x86\xfad\xdb\xb9>\xf0>\x00\
g\x02\xea\x968\xc5\x07\xf4\x0e\x00\xd7\x15jG\xffG\
7m\xdaS\xe2\xf5\x89\x02\xb5\x0b\xc5\x8c\x94\xe4\x0b\xf2\
\xd4\xc4)\x83\x01\xc0u\x9c\xf5\xbe\xa7A/\xb3_\x8e\
j;8\x00P\x99\x18;/\xf8K\x00\xbf\x9c\x9bl\
O\xba\x8e\x7f\xbe\xa8s\x01\xa0\xa7!\xb0_Z\xe2\x01\
\xfa\xa0Bow\x1c\x5c?\xb8\xb5\xf3\xc9`\xd6!\xb2\
'\xd0v\xc0\xf6\x112^\x09N\x01\x88j\xf0\x07\xe7\
D\xaam\x10@\x22\xf0\x85\xa6vM\xbe\xa7\xe3]\x86\
\xeb\x13\x05\xaen\xe1\xb1\xf3]\xaf\xeadU\x9c*\xe2\
\x9f\xa2\x90\x13\x00\xd4\x1c\xe2\xc7\xed\x04\xb4\x13\xc0\x1a\x88\
\xdc\xa11\xb9\xa3\xb0%;0\x83\xb9D\xa1\x95H\xa5\
\xaf\x05\xe4\x12\xc3\x84\x91Bn\xf6\xdc\xa0O\xa9\x05\xbe\
\x03\x00\x00P\xac\x83\xe0\xf4\x92\xac5\xb9S\x0c\xd7&\
*\x89\xa1\xae\x87\xb7\x01\xf8\xc5\xd8\x7f \xb2\xaa*\x9e\
\x1ci\x01\xfcE\x80\xbfX\x04G\xfb\xea\xd4\x09t6\
 .\xa0u*\xb2\x0b\xea\xf7\x03\x18\x10E\xbf\x88l\
Uu\xb2\x85\xde\xec\x13A_\x81L\x14^r\xaa\xed\
\xf2\xe8(\xc5\xf54%\x19\x00\x04\xba^!\x96\x03@\
[\xbc%\xd3\xc0o0TI\xc6~\x81<>\xf6\x1f\
\x22\x9a\x86\xba#\x97\xcfs\xe0,3\x8dP\xf9k)\
\x96)\xc9E\x0ej}'\x00 (\xea\x8b\x8d\x1b\x88\
\x88(\xe4\xdc\xa2{\x0a\x8c/\x00P)\xcd\x93@K\
2\x00\xf8\xf0m\x9f\x05\x00@Tx\x1a\x80\x88\x88\xf6\
K\xd5\xfe\x94\xb1\xfaXS\x8auJ2\x00\xcc\x91\xea\
u0\x7f\xa4\xa9o\xfeC%\x22\xa2p\x13Q\xebc\
\x85_\xe3\x17K\xf2\xa5\xb9$\x03@O\xcf\xda\x1d\x10\
\xeb7\x03\xca\x89\x22\xab\xaal\x1b\x88\x88(\xac\xa4\xb5\
\xb5F\x81\x13\x8c3\x1e\xe9\xeb\xdb8\x5c\x8a\x85J\xf6\
\xa0\x03\xf5a\xfdx\xd09u\xa9\xdd\xc7\x197\x10\x11\
QH\xd5\x0e\xd5\xac\x020\xcb\xb6BJ\xf6\xee\x8f\x92\
\x0d\x00\x22j\xfeB\x13Gy\x1a\x80\x88\x88&\xe78\
\xf6\xc7\x88R\x1e+K6\x00x\x8ek>\x00\xa8\x18\
\xdf\xdbIDD\xa1\xa5!\xb8X\xdcs\xbc\x92\xed\x96\
\x97l\x00\xd8\xde\x9d\xdd\x08`[\xa9\xd6\x9b\x94\xe2L\
\x913J\xf3\xf0#\x22\x22\x8a\x0c\x91UU\x02y\xa9\
q\xc6\xb6\xe1\xad\x0f?R\xaa\xc5Jw\x0d\x80\xaa\x0a\
\xf4\xfeR\xad7\x85\xfa\xda\xa6m'\x1a7\x10\x11Q\
\xc8$R{N\x014n\x9cq\x8f\x96\xe2\xf9\xfcc\
J\xfa\xb6#\x85c~\x1a\xc0\x15}\xb5u\x03\x11\x11\
\x85\x8b\xaaw\xb6u\x03\x14%=F\x96t\x00p|\
\xfb\x0b\x01\x15\xbe\xfd\x0f\x99\x88\x88\xc2\xc6\xfc\xcb\xa1\x0f\
\xbf|\x07\x80\xc1\xf8\xc8\x03\x00\x8c\xdf\x1d./\x9c\x9b\
lO\xda6\x10\x11QX\x1c\xd1\x98n\x06\xa4\xdd8\
c\xcfp]\xb1$\xef\x00\xd8\xa7\xb4\xa7\x006m\xda\
\x03\x94\xe6\x11\x87\xfb\xe1\xb8\xf0^i\xdc@DD!\
Q\xed\xca\xaba\xff\xfc\xff\x07\xc7\x8e\x91%S\xd2\x01\
\x00\x00 \xa5=\xc71i\x82\x08O\x03\x10\x11\x11\x00\
@\xd5~\xfb_\xb4\xf4\xa7\xc8K>\x00\x88\xaf\xf7\x94\
z\xcdI\xbcJD\x5c\xeb\x08\x22\x22\xb2%rF\x0c\
\x82\xb3\xac;\x1c\x83\x8b\xe4K>\x008\xc5\xd1?\x02\
\x18-\xf5\xba\x13\xcc\xabK\xa6W\x197\x10\x11\x91\xb1\
\xfa\xc6\xbe\x97\x00H\x18g\x8c\xca\xe8\x9e?\x95z\xd1\
\x92\x0f\x00\xfd\xfd\x9b\x86\xa0\xf8s\xa9\xd7\x9dH \xaf\
\xb1n \x22\x22[\xbe\xe3\xff\x8du\x03\x80{\xfa\xfb\
7\x0d\x95z\xd1\xd2_\x03\x00\x00\x82\xdf\x98\xac\xfb\x1c\
\xfaF\xeb\x02\x22\x22\xb2&\xaf\xb7.\x80\xe8\xaf-\x96\
5\x19\x00\xc4\x17\x93\x7f\xd8\x09\x96\xd47\xb5\x1do\x1d\
ADD6\xe2\xcd\x99\x13\x01,\xb1\xeepTM\xbe\
\x14\x9b\x0c\x00\xf9\xbe\x8e\xb5\x0al\xb5X{<up\
\x81u\x03\x11\x11\xd9\x10\xa8\xfd1@\xf1\xf4`nc\
\xd6bi\x93\x01@U\x15\x8a\xdfY\xac\xfd\x5cr\xa1\
\x88\x98\xde\xfbIDD\xa5'\x22\x02E\x08\xb6\xff\xe5\
7\xa5|\xfe\xffx6\xd7\x00\x00\x10\x07!8\x0d\xa0\
\x8b\xebRm\xbc\x1b\x80\x88\xa8\xc2\xd46eN\x02p\
\xb4u\x07\xd4\xee\x9a8\xb3\x01\x00\xd5\xee\xef\x01\x14\xcd\
\xd6\x1f\x13\x8a- \x22\x22*)\x91P\xfc\xee/\xca\
H\xd5\x1f\xac\x167\x1b\x00\xf2O\xae\x1b\x14\xe0/V\
\xeb?C\xc1\xd3\x00DD\x15DD\x1cA\x08\xb6\xff\
\x15\xf7\x0d\x0e\xae\xc9[-o\xb7\x03\x00\xc0\x87\xcd\x95\
\x8f\x13\xb4\xd46-{\x89u\x04\x11\x11\x95F\xa2y\
\xf9\xa9\x80.\xb4\xee\xb0\xbe%\xdet\x00\x10\xc7\xe6\xde\
\xc7\x89D\xdc\x0b\xad\x1b\x88\x88\xa8D\xbcp\xdc\x01&\
\xbe\xed\x00 F\x17\x1f>#\x91j{\x14\xf6\xf7a\
\xf6\x17jG\x16\x96\xfaMLDDTZ\xb2x\xf1\
\xac\xf8\xae9]\x00\x1a\x8cS\x1e/\xe4:\x97Z\xdd\
\x01\x00\x18\xef\x00\x00\x00T~b\x9d\x00`^|{\
\xf5\xeb\xac#\x88\x88(Xu;\xe7\x9c\x0f\xfb\x83?\
\x00\xdcly\xf0\x07\xc20\x00\xb8\xde-\xd6\x09\x00\x00\
\xc5%\xd6\x09DD\x14,\x11\x09\xc5\xefz\xf1\xc5\xfc\
\xd8g~\x0a\x00\x00\x12\xa9\xb6G\x00\xb4\x1ag\xa8\xfa\
rL\xa17\xfb\xa8q\x07\x11\x11\x05 \x91l_\x02\
\xf17\x01\xb0\xbd\xf3K\xf0H\xbe\xbb\xe3X\xd3\x06\x84\
a\x07`\xaf[\xad\x03\x00\x888\xfa\x8f\xd6\x11DD\
\x14\x14}'\xac\x0f\xfe\x00\x04z\xb3u\x03\x10\x92\x01\
@\xd4~+d\xcc\xdbDVUYG\x10\x11\xd1\xcc\
\x129#&\xa2\x17Yw\x00\x80(Bq\xcc\x0b\xc5\
\x000\x98\xcb\xae\x05\xb0\xc1\xba\x03@*\x91\xdcu\x8e\
u\x04\x11\x11\xcd\xacxS\xdf\xeb\x14h\xb6\xee\x00\xb0\
q\xa0\xa7\xd3\xe4\xe5?\x13\x85b\x00\x00\x00\x11\xfd\xb1\
u\xc3^\xe1\xb8@\x84\x88\x88f\x90\xa3\xa1\xf8\xdd\xae\
*\xffe\xdd\xb0Ox\x06\x80\x90l\x89(p\xf6\xbc\
\x85\xed-\xd6\x1dDD43\xea\x17\xa4\x8f\x86\xe2\x15\
\xd6\x1d\x00\xe0\xbb\x12\x86k\xde\x00\x84h\x00\x18\xe8\xe9\
\xcc*\xd0a\xdd\x01\xa8\xeby\xdee\xd6\x15DD4\
3T\xe5\xbd\x08\xc5\xf1N\xd7\x0do]\x1f\x86\xd3\xdd\
\x00B\xf1\x072\x8eJ(\xae\x8c\x04\xe4\xd2\xc6\xc6e\
\xb5\xd6\x15DDtx\xe6\xcdk\xad\x83\x86\xe5\xd4n\
X\x8eq{\x85j\x00\x88\xc5\xe4\x07\x80x\xd6\x1d\x00\
\x12E\xd7y\xbbu\x04\x11\x11\x1d\x1e/V\xfdN@\
\xe3\xd6\x1d\x80x\x8e+7XW\x8c\x17\xaa\x01\xa0\xbf\
k\xfd\x16\x88\xfe\xde\xba\x03\x00\x14r\x85\xc8\x191\xeb\
\x0e\x22\x22:4\x22\xab\xaa x\x9fu\x07\x00\x08\xfc\
_\x0fte\x9f\xb2\xee\x18/T\x03\x00\x00\x88\xef|\
\xd7\xbaa\xcc\xd1\xf1d\xee|\xeb\x08\x22\x22:4u\
M\xbb.\x04p\x94u\xc7^\xf2=\xeb\x82\x89B7\
\x00\xe4{\xe7\xffB\x80n\xeb\x8e1\x1f\xb2\x0e \x22\
\xa2C#\x0e>`\xdd0\xa6'\x9f\x9b\xfd+\xeb\x88\
\x89B7\x00\xa8\xdeYT\xe8\x8f\xac;\xf6\x92U\xf5\
\x0b\xd2\xa7[W\x10\x11\xd1\xc1I\xa4\xd2gAq\xbc\
u\xc7\x98\xebTW\x8fZGL\x14\xba\x01`\xaf\xd8\
\xb5\x00\xec\xdfR\x04\xc0\xf7\xe5\x83\xd6\x0dDDt\x90\
$4\xbf\xbbU}\xf9\xbeu\xc4dB9\x00\xe4{\
\xd6=\x0e\xe0.\xeb\x0e\x00\x10\xe0o\xea\x16\xaeXf\
\xddADD\xd3\xd3\x90Jg\xa0x\x95u\xc7\x98?\
\x84\xf5-\xb3\xa1\x1c\x00\x00@\xc3s\xc1\x84\xe3\xfa\xfe\
\xbfZG\x10\x11\xd1\xf4\xf8p>\x8a\x10\xbc\xf5\x0f\x00\
 \x08\xcb\x85\xed\xcf#\xaa\xa1\xd8i\x7f\x1eim\xad\
\x89\x0fW?\x0d`\xbeu\x0b \x9e\xe7H{\x98\x9e\
\xe0DDD\xcf\xd7\x90Jg|\xc8Z\x84\xe3\x0bn\
\x7f\xa1vd\xa1n\xda\xb4\xc7:d2a\xf8\x03\x9a\
\x94n\xda\xb4G!7Zw\xec\xa5\xae\xeb\xfb\x9f\xb0\
\xae \x22\xa2\xfd\xf3!\x9fFH\x8em*\xf8aX\
\x0f\xfe@H\xfe\x90\xa6\xe2;r\x0dBr1 \x80\
\xd77$\xdbWXG\x10\x11\xd1\xe4\x12\x0b\xd3/\x04\
\xf0:\xeb\x8e1\xbe:\xde\xb5\xd6\x11\xfb\x13\xea\x01`\
x\xeb\xfa\x0d\x02\x09\xcb\xbd\x93\x8e/\xfe'\xad#\x88\
\x88h\x0a\x9e|\x1a!9\xf7\xaf\xc0mC]\x1b\x1f\
\xb6\xee\xd8\x9fP\x0f\x00\x00\x00\xc1\x97\xac\x13\xc6\xf9\xdb\
xs\xe6D\xeb\x08\x22\x22z\xaexs\xe6E\x00^\
m\xdd\xb1\x8f\xe3h\x98\x8e]\x93\x0a\xfd\x000\xd8\x9d\
\xbd\x13\xc0\x03\xd6\x1d\xfb\x88\xea\xc7\xad\x1b\x88\x88\xe8\xb9\
D\xf5s\x08\xc9\xb7\x7f@W\x0fn\xed\xbc\xdb\xba\xe2\
@B?\x00\x00\x80B\xbej\xdd0\xce9\x0dMm\
\xa7YG\x10\x11\xd1^\x0dM\x99S\x01\x9ce\xdd\xf1\
\x0c\x91/Z'LG$\x06\x80\xa1\x5c\xe3-\x00B\
\xf3\x16%\xdf\xc1'\xac\x1b\x88\x88h/_\xf4\xb3\xd6\
\x0d\xe3l.\xf44\xfd\xd4:b:\x221\x00\xa8\xde\
Y\x14\x0d\xd5.\xc0\x99\xf5\xa9\xcck\xad#\x88\x88*\
]\x22\x999\x1f\x82\xd0\xbc\xb3E\x81\xabU\xef,Z\
wLG$\x06\x00\x00\x88\xf9\xc5\xef\x02\xc8[w\xec\
\xa3\xd0/Kkk\x8du\x07\x11Q\xa5\x92\xd6\xd6\x1a\
\x88~\xde\xbac\x9c\xc1\x1a_\xae\xb3\x8e\x98\xae\xc8\x0c\
\x00}}\x1b\x87\xa1\x12\xa6G*.\x89\x0fU\xbf\xcf\
:\x82\x88\xa8R\xc5\x87\xab?\x08`\xa9u\xc78\xdf\
\xe9\xed\xcdn\xb7\x8e\x98\xae\xd0>\x0ax2\xf3\xe7\x1f\
\xbb\xb0\x18\x8b=\x0e\xa0\xda\xbae\xcc\xf0\xa8\xa7\xc7\xee\
\xe8\xeb\xec\xb6\x0e!\x22\xaa$s\x93\xed\xc9\x98\xf8\x8f\
\x00\xa8\xb3n\x193R\xe5y\x8b\xfb\xfa6n\xb5\x0e\
\x99\xae\xc8\xec\x00\x00\xc0\xb6m\x0fw\x09p\x8bu\xc7\
8\xb5U\xae\xf3)\xeb\x08\x22\xa2J\xe3\xc2\xff<\xc2\
s\xf0\x87*n\x8a\xd2\xc1\x1f\x88\xd8\x00\x00\x00\xbe\xaf\
\x9f\x02\x10\xa2\x0b,\xf4m\x89\x05\xed\xab\xac+\x88\x88\
*Eba\xfa\x85\x22\xb8\xd8\xba\xe3Y\xe2i\xcc\x0b\
\xd3\xb5\x08\xd3\x12\xb9\x01\xa0\xd0\xdb\xb9IEn\xb2\xee\
\x18\xc7\x11\xdf\xff\x8a\x88\x84\xe4\x01\x14DD\xe5KD\
D}\xf9*\xc2u\xfc\xfaA\xd8\x1f\xfb;\x990\xfd\
\x01N\x9b\x03\xef\xe3\x00F\xac;\xf6Q\xe0\x94x\xaa\
\xed|\xeb\x0e\x22\xa2rW\x97l{\x93(N\xb5\xee\
\x18g\x14(\x86\xe99\x04\xd3\x16\xc9\x01`\xb0{\xc3\
f@\x7fh\xdd\xf1\x1c\xaa_jl\x5cVk\x9dA\
DT\xae\x1a\x1a\x96\xc4\x05\xf8\x0f\xeb\x8e\xe7\x10\xf9^\
\xbeg\xe3\x13\xd6\x19\x87\x22\x92\x03\x00\x008\xae\xf3\x19\
\x00az\xcf\xf2QE\xd7\x8d\xe4\x14HD\x14\x05~\
\xf5\xac/\x00\xba\xd0\xbac\x9c\xdd\xae\xeb~\xce:\xe2\
PEv\x00\x18\xe8\xca>\x05\x95\xff\xb4\xee\x18O\x81\
\xcb\xea\x92\x99S\xac;\x88\x88\xcaM\xfd\x82\xf4\xe9\x00\
\xdei\xdd1\x9eB\xae\xe9\x7fz\xed\xd3\xd6\x1d\x87*\
\xb2\x03\x00\x00\x8c\xfa\xfeg\x00\xd9e\xdd1\x8e\xe3\x88\
~\x8fO\x08$\x22\x9a9\xd2\xdaZ\xa3\xbe|\x07\xa1\
y\xdb\x1f\x00\xc8\xaej\xaf\x18\xae\xd3\x11\x07)\xd2\x03\
\xc0\x8e\xbe\xcen\x05\xae\xb1\xee\x98`Y\xddP\xf5G\
\xac#\x88\x88\xcaE|\xb8\xe6c\x00\x96[w<\x87\
\xe2\x1bQ\xbb\xef\x7f\xa2H=\x09p2\xb5\xcd\xad\x8d\
\xaeV?\x0e`\xaeu\xcb8#\xae\xe0\x85\xfd\xdd\x1d\
\x1d\xd6!DDQ\xd6\x90Z\xde\xee\xc3y\x08@\x95\
u\xcb8\xdb=\xc4\x96\x0c\xf7\xac\xed\xb5\x0e9\x1c\x91\
\xde\x01\x00\x80\xe1\xeeM}\x80~\xd3\xbac\x82j_\
\xf5Z\x11\x89\xfc\x9f/\x11\x91\x15\x11q}8\xdfE\
\xb8\x0e\xfe\x00\xe4\xabQ?\xf8\x03e0\x00\x00\x80;\
:\xfa9\x00=\xd6\x1d\xe3)\xe4\xe4\xbaT\xdb\xbb\xad\
;\x88\x88\xa2*\x91l\xbb\x1c\xc0\x8b\xad;&\xe8u\
Fv}\xd1:b&\x94\xc5\x00\xd0\xdf\xbfi\x08\x8a\
OZwL$\xaa\xff\x9eH-[l\xddAD\x14\
5\xf1\xa6\xccR\x85\x86\xf0]+\xfa\xaf\x03\x03\x8f\x15\
\xac+fBY\x0c\x00\x00P\xe8\xed\xfc.\x80\xb5\xd6\
\x1d\x13\xd4\x02\xee\xcd\x22\xabB\xb6}ED\x14^\x22\
g\xc4\xc4\xd1\xeb\x11\xaek\xbb\x00\xc1\x9aBn\xc3\xf7\
\xad3fJ\xd9\x0c\x00\xaa\xea\x89\xc8\xfb\xad;&\xf1\
\xa2\xba\xa6]\xffj\x1dAD\x14\x15\xf1d\xdf'\x00\
\xbc\xc4\xbac\x22\x11\xbdBU}\xeb\x8e\x99\x12\xf9\xbb\
\x00&J\xa42?\x05\xf4\xef\xac;&(\xfa\xea\x9f\
>\x94\xdb\xf0g\xeb\x10\x22\xa20kh\xca\x9c\xea;\
\xb8\x0bP\xd7\xba\xe5\xb9\xe4\xe6|O\xf6\x8d\xd6\x153\
\xa9lv\x00\x9e\xe5|\x08\xc0n\xeb\x8a\x09b\x8e\xb8\
7\xce\x9b\xd7\x1a\x9awW\x13\x11\x85MC\xc3\x92\xb8\
\xef\xe8\xf5!<\xf8\xef\x12\xf1\xca\xee\xf9.e7\x00\
\xe4{\xd6=\x0e\xe8W\xad;\x9eO\x17\x17\xabk\xbe\
n]AD\x14V~\xf5\xaco\x01Xd\xdd1\x91\
\x88~q\xefK\xe8\xcaK\xd9\x0d\x00\x00P\xe5\xf9\x9f\
\x15\xa0\xdb\xbac\x22Q\xbd8\x9e\xca\xbc\xc9\xba\x83\x88\
(l\xe2\xc9\xf4E\x00\xfe\xde\xba\xe3\xf9\xa4\xabFc\
\x91~\xe4\xefT\xcar\x00\xe8\xeb\xdb8\x0c\xe0\xa3\xd6\
\x1d\x93\x11\xe0\xdb\xf5\x0b\xd2G[w\x10\x11\x85E\x22\
\xb5l\xb1\x88|\xc3\xbac2\xaa\xfa\xe1\x9e\x9e\xb5;\
\xac;\x82P\x96\x03\x00\x00\xe4s\x9d?\x00t\xb5u\
\xc7\xf3i\x1c\xbe\xdc\xc8[\x03\x89\x88\x00\xc9d\xaa\x01\
\xf7&\x00!\xbcFJ\xfe<\xd4\xdby\x93uEP\
\xcav\x00PU_\xd4y\x07\x80Q\xeb\x96\x89\x148\
%\x91\xdc\xf5%\xeb\x0e\x22\x22k\xf1m\xfa5\x84\xf0\
\x96?\x00E\xf1\xf1\x1e-\xb7[\xe5\xc6)\xdb\x01\x00\
\x00\x06s\xd9\xb5P\xb9\xda\xbac2\x0a\xbc\xaf\xbe9\
\xf3V\xeb\x0e\x22\x22+\xf1d\xdb[\x00\x5cj\xdd1\
\x19\x11\xfd\xf7\xc1\xde\xec\xffYw\x04\xa9\xec\x9e\x030\
QKK\xcb\xec\xe1\xd1\xbau\x00\x96Z\xb7Lb7\
\x5c=%\xdf\xd5\xf9W\xeb\x10\x22\xa2R\xaaOfV\
\xaa\xe8}\x00\xe6X\xb7<\x8f\xe0\x91\xc2\xac\x9d+\xf5\
\x89'\xc2vK\xf9\x8c*\xeb\x1d\x00\x00\xd8\xb2e\xcb\
.\x11\xe7\x12\x00a\x9ctf\xc1\x93\x9f\xd4\x1d\xb9|\
\x9eu\x08\x11Q\xa9\xc4[2\x0d*\xfaS\x84\xf1\xe0\
\x0f\xf8\x8e\x87w\x94\xfb\xc1\x1f\xa8\x80\x01\x00\x00\x06\xbb\
\xd7\xdf\x05\xc8u\xd6\x1dSX\xe4\x14\xdd\xff\x12`\xf1\
\xd0\x0b\x00\x00\x16\xf7IDAT\x91\x90=\xf8\x82\x88\
h\xe6\x89\x88##z\x03\x80\x17X\xb7LJ\xe4\x9a\
\x81\xde\x8e\xff\xb5\xce(\x85\x8a\x18\x00\x00\xc0\x19\xd9\xf5\
A@\xba\xac;&\xa7\xafH\xa4\xd2\x1f\xb3\xae \x22\
\x0aZ<\x99\xfe4\x04\xaf\xb6\xee\x98\x8c\x00\xdd\xb2\xbb\
\xaab\xde\xddR1\x03\xc0\xc0\xc0c\x05\x08\xae\xb0\xee\
\x98\x8a*>\x16oN\x9fk\xddAD\x14\x94\xfaT\
\xe6\xb5\x00\xae\xb4\xee\xd8\x8fw\x0f\x0e\xae\xc9[G\x94\
J\xd9_\x048QH_\x16\xb4\xcf\xb0\xa8\x9c6\x98\
\xcb\x86\xed\xb5\xc6DD\x87\xa5!\x95\xce\xf8p\xee\x01\
4n\xdd2\x85[\xf3=\x1d\x17XG\x94R\xc5\xec\
\x00\xec3\xea\xf9\x97\x01\x08\xeb\x84W\xab\x82\xdb\xe7\x1d\
\xb9\xf2H\xeb\x10\x22\xa2\x99\xd2\xd8\xb8l\x81\x0f\xf9U\
x\x0f\xfeR\x88\x15\x8ba|\x9d|\xa0*n\x00\xd8\
\xd1\xd7\xd9-\x82\x0fXwLM\x17z\xa3\xc5\x9f7\
5e\xe6Z\x97\x10\x11\x1d\xae\xc6\xc6e\xb5\xa3\xae\xfb\
+\x00-\xd6-SQ\xf5\xdf\xb7m\xdb\xc3!\xbdF\
,8\x157\x00\x00\xc0`w\xc7\xf7\x01\xb9\xd9\xbac\
J\x82\x17\x8e\x88\xde\x22rF\xcc:\x85\x88\xe8P\x89\
\x88;\xe2\xba7\x02Xi\xdd2%\xc5\x8f\x0b\xb9\xce\
\xeb\xad3,T\xe4\x00\x00\x00\xb2\xa7\xea]\x00\x9e\xb2\
\xee\x98\x92\xe0\xd5\xf1d\xee[\xd6\x19DD\x87*\xde\
\xd4\xf65\x01^c\xdd1%\xc5\xd3Z-\xa1|\x12\
a)T\xec\x0008\xb8&/\x8e^\x04\x88g\xdd\
25\xb9\xa4>\xd9\xf6A\xeb\x0a\x22\xa2\x83\x95He\
>\x02\xd1\xf7Xw\xec\x87/\x8e\x5c\x5c\xd8\x92\x1d\xb0\
\x0e\xb1R\xb1\x03\x00\x00\x0cn\xed\xbc\x1b\x8a/[w\
\xec\x8f\x0a\xfe\xa3>\xd9~\x9eu\x07\x11\xd1t%\x9a\
\xdb\xde\x00\xe8g\xad;\xf6O\xfe}\xb0;{\xa7u\
\x85\xa5\x8a\x1e\x00\x00\xa0\xd0\x88\x8fB\x11\xe6g\xf1;\
*zC\xfd\x82\xf4\xe9\xd6!DD\x07R\xdf\x9c9\
\x03\x8a\x1f!\xdc\xc7\x97\x07\x0a\xb9Y\x9f\xb4\x8e\xb0V\
q\xcf\x01\x98L\xbc)\xb3T\x1c]\x03 \xccW\xde\
\x0f\xa9\xc8+\x0a\xdd\xd9\x07\xacC\x88\x88&\x13O\xb5\
\xbdX\x80\xdf\x03\xa8\xb5n\xd9\x8f\x1d\xbe\xe7\xbfp\xa8\
o\xc3#\xd6!\xd6\xc2<\xa1\x95L\xa1\xf7\xff\xb7w\
\xff\xd1q\x95u\x1e\xc7?\xdf\xe7N\x92\x966\x99\x99\
\xa4I&\x0d-m\xd9\xd0df\xd2\xb2\x94\x83\x0aU\
`]\x15\x0eE~\x15\x04,\xb8\x07\xb5\x1c@\xc0u\
q\x01\xc5\x03\x22\xee\xaa\xcb*\xcb\xaa+\xc5]\x11\x10\
\x95\x0a\x8b\xd2\xe3\x22 \x85BQY\x0a\xd2N\x92b\
\x91@\xd36\x93\xa4\xc9\xcc$\xd0\x1fI\xee\xf3\xdd?\
\x0a\xc8Bi\xf3\xfb\x99;\xf3y\x9d\xd3?\xf8\x03\xce\
\xfb\x8f\x92\xfb\xc9\x9d\xb9\xf7I\xbd\x04\xc5\x17]w\x1c\
D\x85\xa8\xfe&R\x1f?\xcau\x08\x11\xd1;U\xd6\
6/\x12\xe0\xd7\xc8\xef\x8b?\x04\xb8\x82\x17\xff}x\
\x07\xe0m\xc2\xb1\xc4\x03\x02\x9c\xe6\xba\xe3\xc0\xa4\xc77\
r\xfc\xc0\x8eMm\xaeK\x88\x88\x00 \x5c\x13o\x10\
#\xeb\x00\xc4\x5c\xb7\x1c\x90\xe8\xfd\xd9\xce\xd6\xb3\x5cg\
\xe4\x0b\xde\x01x\x1b+\x83\x9f\x85b\x9b\xeb\x8e\x03\xd3\
j\xcf\xb7\x0fGb\x8d\xf3]\x97\x10\x11Eb\x8b\x16\
\x881k\x91\xef\x17\x7f\xe0U\x0d\x99\xcf\xba\x8e\xc8'\
\x1c\x00o3\xd0\xb9\xa5G\x8d\x9c\x05`\xaf\xeb\x96\x03\
\x12\x1c\x0ax\x8fW\xd6'\xe7\xbaN!\xa2\xe25k\
\xd6\xc2z\xc0\x7f\x04\xd0z\xd7-\x07\xb1\x07\xc6,/\
\xe6G\xfe\xf6\x87\x03\xe0\x1dr\x9d\xa9g\xa0\xb8\xd2u\
\xc7\x08\xcc\xb5V\x1f\x99Y\x93\xcc\xf7\xd5MD\x05\xa8\
\xbc\xae\xa1\xda\x0f\x85\x1e\x06\xb0\xc0u\xcb\xc1\x08pY\
v\xc7\xa6g]w\xe4\x1b\x0e\x80\xfd\xc8v\xb5\xdc\x06\
\xe0G\xae;\x0eJqD\xc8\xe8C\xe5\xb1\xc55\xae\
S\x88\xa8x\x94\xc7\x16\xd7xZ\xf2\xa8\x02q\xd7-\
#p[&\xdd\xf2_\xae#\xf2\x11\x07\xc0{\xc8M\
\xdfu)\x80\xffu\xdd1\x02\x8b=\xf5\xd7\xf1\x04A\
\x22\x9a\x0a3\xaa\xe3u\x1e\x86\x7f\x0b\xc8\x22\xd7-#\
\xf0\x87\x5c\xf9`\x10\xee\xe8:\xc1\x01\xf0\x1e\xb4\xbd}\
\x8f\xf1d9 =\xae[\x0eJt\xa1?<\xfcd\
\xa4\xb6\xf9p\xd7)DT\xb8\xa2uM\xf3J<y\
\x12@\xd2u\xcb\x08t{\xa1\xd0r\xdd\xb2%\xbf\xbf\
\xd3\xe5\x10\x07\xc0\x01\xf4mOm\x05\xf4\xbc\xfc>/\
\xe0-\xf3D\xec\x93Uu\x89\x84\xeb\x10\x22*<\x15\
\xf5\x8b\x1a\xd5\x9a'\x01\x04\xe0\x17\x0d\xf1\xa1\xba\xa2w\
\xdb\x0by\xfeT\x97[\x1c\x00\x07\x91M\xb7\xfc\x16\xd0\
\xaf\xb8\xee\x18\x09\x05\xea|\xc5c\xd1\xdad\xfe\x1e\xbd\
ID\x81\x13\xadI\x1ei|\xbbn\xdf\x13H\x01\xa0\
zM\xb6\xab\xf5\x11\xd7\x19\xf9\x8e/\x02\x1a\x01\x11\x91\
pM\xfc^\x08\x96\xbbn\x19\xa1\xacBO\xce\xa5[\
\x7f\xef:\x84\x88\x82-2\xbb\xf9hX\xfb\x10\x80*\
\xd7-#\xf4@\xae\xab\xf5L\xe5\xc5\xed\xa0x\x07`\
\x04TU\xbd\xe1\xc1O\x03H\xb9n\x19\xa1\x88@~\
\xc3\x03\x84\x88h<\xa2u\xcd'\xc0\xda\xb5\x08\xce\xc5\
\xff\x85\x12\xdf\xbf\x90\x17\xff\x91\xe1\x00\x18\xa1\xde\xde-\
\xfd\xa1\xe1\xe1\x93\xf2\xffM\x81o\xa9P+\x0f\x87c\
\xf1s]\x87\x10Q\xf0Dj\x93g\xa9\xea\xaf\x91\xdf\
\x87\xa4\xbdE\x81\x1d\x9egN\xed\xe9\xd9<\xe0\xba%\
(8\x00Fa\xe7\xce\x17\xb7#\xa4\xa7\x01x\xcdu\
\xcb\x08\x95\x09\xe4\x9eh]\xe2\x06\xd7!D\x14\x1c\xd1\
X\xfcJ\x88\xde\x0b\xe8t\xd7-#4`\xac\x9c\xd2\
\xbb}S\x87\xeb\x90 \xe1w\x00\xc6 \x5c\x978Y\
\x14\xbf\x02\x10r\xdd2r\xf2\xc3\x5cW\xf5%\xaak\
\x87]\x97\x10Q~\x12\x11/\x5c\x93\xb8\x15\xa2\x97\xba\
n\x199\xf1\x0dpF_:\xf5\xa0\xeb\x92\xa0\xe1\x00\
\x18\xa3H,\xb9\x12\xd0\xdb\x5cw\x8c\x8e>\xec\x0d\x0d\
\x9d\xdd\xdb\xbb\xa5\xdfu\x09\x11\xe5\x97\x9a\x9a\xe4\xcc!\
\x83\x9f)\xf4\x14\xd7-\xa3\xa1\xa2\x97\xe5:[\xbf\xef\
\xba#\x88\xf8\x11\xc0\x18e\xd3\xa9U*\xf8\xb6\xeb\x8e\
\xd1\x91\x8f\xfa%eOU\xd57\xcfq]BD\xf9\
\xa3\xba\xbaq\xf6\xa0\xe8\x13A\xbb\xf8\x03\xfaM^\xfc\
\xc7\x8ew\x00\xc6ADL8\xd6\xb4\x1a*g\xban\
\x19\x0d\x05v\x18\x8be\x99\xee\x96\xe7]\xb7\x10\x91[\
\x95\xb1\xa6f\x0b\xb3\x06@\xd0N\x17]\x9d\xebj=\
WU\xad\xeb\x90\xa0\xe2\x1d\x80qPU[\x1e\x1aX\
\x01\xe0\x0f\xae[FC\x80\xd9j\xf0xE\xacy\x99\
\xeb\x16\x22r'\x1aK~\xdc\xc2\xacG\xc0.\xfe\x02\
\xac\xcfM\xdfu!/\xfe\xe3\xc3\x010N\x1d\x1d\x1d\
\xbb}\x84>\x0e\xe0e\xd7-\xa3Ta`\x7f\x19\xad\
K\xdc \x22\xfc{@TDD\xc4\x8b\xc4\x927)\
\xf4\x01\x00\xe5\xae{Fi\x8b\xef\x0d\x9f\xae\xed\xed{\
\x5c\x87\x04\x1d?\x02\x98 \x95\xf5\xc9\xb9\xd6\xd7u\x00\
\x0es\xdd2j\x8a\xff\xd1RY\x91\xebH\xf5\xb9N\
!\xa2\xc9\x15\x9e\x93\xac\x94a\xbd\x07\x8a\x8f\xb9n\x19\
5\xc56\x88\xff\xa1lzs\xbb\xeb\x94B\xc0\x010\
\x81\xc25\xf1\x061\xb2\x0e@\xccu\xcb\x18lU\x91\
\xe5\xb9\xceT\x10\x8e@&\xa21\x88\xd6$\x8fT\xa3\
\xf7\x01X\xe0\xbae\x0c\xba\xad\xe7\x1d\xdf\xbf}\xe3f\
\xd7!\x85\x82\xb7~'P\xae\xbbu\x8bQ\xf31\x00\
A\xfcMz\xae\xa8\xae\x8b\xc6\x12\x17\xb9\x0e!\xa2\x89\
\x17\xaeM\xacP\xa3\xeb\x11\xcc\x8b\x7fV,N\xe2\xc5\
\x7fb\xf1\x0e\xc0$\x08\xd7%\x8f\x11\xd5G\x11\xbc\xcf\
\xd6\xde\xb4*7K.\xd7Tj\xd0u\x08\x11\x8d\x8f\
\xc8\x89\xa1pm\xd7M\x80\x5c\xed\xbae\x8c\xfaU\xe4\
oywr\xe2q\x00L\x92h]\xd3\xf1\xaa\xe6\xd7\
\x00\x0eq\xdd2\x16\x02}\x1a\x06\xe7gv\xb4\xbe\xea\
\xba\x85\x88\xc6&\x12k\x9c\x0fx?\x05\xf0>\xd7-\
c\xb4\xcbX\x9c\xd4\xd7\xdd\xf2\xa4\xeb\x90B\xc4\x8f\x00\
&I\xa6\xb3\xed\x09\xa8\x9e\x0e`\xaf\xeb\x96\xb1P\xc8\
\xb1jec\xb86~\x81\xeb\x16\x22\x1a\xbdH]\xe2\
l\xc0\xdb\x80\xe0^\xfc\x07U\xb0\x9c\x17\xff\xc9\xc3;\
\x00\x93,Z\x1b?]EV#P\xe7\x06\xbc\xcbj\
\x94y\x17g_\xdd\x98q\x1dBD\x07VU\xd5P\
aKJ\xbf\xa7\xc0\x0a\xd7-c'>D\xcf\xcbv\
\xb6\xacv]R\xc88\x00\xa6@\xb86\xf1I\x11\xdc\
\x89@\xdfq\x91v\xab\xb8\xa0\xbf+\xb5\xdeu\x09\x11\
\xed_eM\xe2\x83\xd6\xe0.\x04\xf1q\xe4\xb7\x88\xaf\
\xc0\x05\xb9t\xea\xa7\xaeK\x0a]\x80/H\xc1\x91\xeb\
j\xf9\x89B?\x09`\xc8u\xcb\xd8\xe9|#x\x22\
\x12\x8b\x7fC\xe4\xe8\x12\xd75D\xf4\x17\x22'\x86\xa2\
u\x89\x1b\xac\x91\xb5\x08\xf8\xc5_\xd4^\xc4\x8b\xff\xd4\
\xe0\x1d\x80)T\x11k^f`W\x03\x98\xe6\xbae\
\x9c\x9eQ\xab+r\xdd\xad[\x5c\x87\x10\x15\xbbh]\
\xd3<\xa8\xb9[\x81\xe3\x5c\xb7\x8c\xd3\xa0\xa89/\xd3\
\xb5\xe9~\xd7!\xc5\x82w\x00\xa6P\x7fz\xd3\x1aU\
9\x1d\xc0.\xd7-\xe3t\x8c\x18y.\x1cK\x5c\xc1\
\xd7\x08\x13\xb9!\x22^4\x16\xbfR\xd5\xa4\x0a\xe0\xe2\
\xbf\x0b\xaa\xcbx\xf1\x9fZ\xbc\x03\xe0\xc0\x1b\x9f\xd3\xad\
\x01P\xe1\xbae\xdc\x14\xcf\x89\xe23<Y\x90h\xea\
T\xc6\xe2I\x0b\xb9\x1d\xc0\xfb]\xb7L\x80\xd7\x009\
-\x9bN=\xe6:\xa4\xd8p\x008\x12\x99\xdd\xb4\x04\
\xd6\xfc\x06@\x95\xeb\x96\x090\x04\xe8\xb7s\xe5C\xd7\
\xeb\x96-\x81|\xec\x91(\x08D\x8e.\x09\xc7\xf6|\
\x01\xaa7\x02(u\xdd3\x012\x0a\x9c\x9cK\xb7\x04\
\xeaD\xd5B\xc1\x01\xe0Py]2nT\x1f\x11`\
\xb6\xeb\x96\x09\xf2\x92\x88\xac\xcct\xa6\xd6\xba\x0e!*\
4\x15\xb5\xc9\xe3\x8c\xe8\xed\x00\x9a\x5c\xb7L\x90.\xa3\
\xe6\xa3}]\x9b6\xba\x0e)V\x1c\x00\x8eU\xd47\
.4\xc3\xde\xa3\x10\x1c\xea\xbae\x82(\x80\xdb\xbd\xa1\
\xc1/\xf6\xf6n\xe9w\x1dC\x14t\x95\x95\x87\x87\xb5\
t\xda\x8d\x0a|\x0e\x85\xf3\xbd\xad\xad\xd6\xb7\x1f\xe9\xef\
i\xfb\x93\xeb\x90b\xc6\x01\x90\x07\xdex]\xe7#\x00\
\x0ew\xdd2a\x14\xdb zU\xae\xab\xed^\xe5_\
2\xa2Q\x13\x11\xa9\xa8M\x9c\x0b\xe8\xcd\x05t\x97\x10\
\x00\xb6\x88\xd1\x8f\xf05\xe3\xeeq\x00\xe4\x89\x8aC\x9b\
\xaa\xc47\x0f\x88b\xa9\xeb\x96\x09\xf6\x8cB\xaf\xcc\xa5\
[\x7f\xef:\x84((\x22\xb3\x9b\x96\xa8\x9a[\x0a\xf0\
\xe7\xc1\xef}\x84N\x1bH\xbf\xd0\xed:\x848\x00\xf2\
\x8a44\x94\x85\x07\xca\xee\x00\xf4\x5c\xd7-\x13LE\
\xe4\xee!\x1f\xff\xf8Zw*\xed:\x86(_\xcd\xa8\
\x8e\xd7\x95xr\x03 \x9f\x06\xd4s\xdd3\xa1\x04\xf7\
\x95\x87\xfa/\xe8\xe8\xe8\xd8\xed:\x85\xf6\xe1\x00\xc83\
\x22\x22\x91X\xfczU\x5c\xef\xbae\x12\xbc.\x82\x9b\
\xb3\xd3v}C\xdb\xdb\xf7\xb8\x8e!\xca\x17\x92L\x96\
Fv\xdaK\x14r#\x0a\xe1\xf1\xe0w\x10\xe0\xd6l\
W\xeb\xdf\xab\xaau\xddB\x7f\xc1\x01\x90\xa7\x22\xb1\xf8\
g\x00\xf9\x0f\x04\xfb\x10\xa1\xf7\xb2UT\xbf\x92\xe9j\
\xbd\xd3u\x08\x91k\x95\xb1\xe4\xa9\x16z\x0b\x80\x05\xae\
[&\x9e\xf8*\xf6\x8a\x5cg\xeb\xf7]\x97\xd0\xbbq\
\x00\xe4\xb1p]\xfc\x14Q\xf9\x19\x80\x99\xae[&\x87\
>n\xd5\x5c\xc7\x03\x86\xa8\x18U\xd6$>h\x057\
A\xf0!\xd7-\x93d@\xad\x9c\x93\xebN=\xe4:\
\x84\xf6\x8f\x03 \xcfU\xd66/\xb2b\xd7\x00\x98\xe3\
\xbae\x12=\xaa\x22_\xceu\xa6\x9eq\x1dB4\xd9\
\xc2\xb1\xc4\xfb\x0c\xf4:\x85,s\xdd2Y\x14\xd8!\
\x9e\x9e\x9a\xdd\xde\xfa\x9c\xeb\x16zo\x1c\x00\x01P]\
\xdd8{(\xe4\xad\x81\xe2\xaf]\xb7L\xb2Ga\xec\
5\xd9\x1dm\x1b\x5c\x87\x10M\xb4\xcaXS\xb3\x85\xf9\
\x0a\x80\xe5\x00\xc4u\xcf\xe4\x91M\xc6\xc3\xb2\xbe\xed\xa9\
\xad\xaeK\xe8\xc08\x00\x02\xa2\xaa\xaa\xa1\xc2/)\xbb\
\x03\xd03\x5c\xb7L2\x85\xe0~\x0f\xb8\xbe\xb7\xb3\xa5\
\xc5u\x0c\xd1x\xed\xbb\xf0{_\x05\xf4t\x14\xf4\x85\
\x1f\x80\xe2\x17%\xd6\xbf\xa8\xa7g\xf3\x80\xeb\x14:8\
\x0e\x80\x00\x11\x11\x09\xd7&\xae\x06pS\xc1=\x22\xf4\
n\x16\xd0\x9f\xfbbn\x1a\xe8L\xb5\xba\x8e!\x1a\xad\
}\x07\xf6\x98\xeb\x00=\x1b\x85\xf3\x06\xbf\xf72\x0c\xd1\
/\xe5\xd2m7\xf3\xc5_\xc1\xc1\x01\x10@\xd1\xba\xa6\
\xe3U\xcd\xcf\x01\xd4\xban\x99\x0a\x02\xac\x17\xc873\
]-k\xf8\xc3\x85\xf2]eMr\xa9\x1a{\xb5B\
NA\xa1\xff\xc6\xbf\xcfN@\xcf\xcb\xa6[\x1fu\x1d\
B\xa3\xc3\x01\x10PU\x87.>\xd4\x1f\x1e\xfe\x05\x80\
\xf7\xb9n\x99B\x7f\x14\xd5\xefd\xbb\x0f\xf9\xa9\xea\xb3\
C\xaec\x88\xde$\x22&Z\x9b8\xc5B\xbf\x8cb\
\xfa\x7fR\xf1\x9c\x18{V\xa6\xb3\xed\x15\xd7)4z\
\x1c\x00\x01\xb6\xef\xcd\x81\xa5\xb7\x02X\xe9\xbae*\x09\
\xd0\x09\xc1*\xec)\xbd%\x93y>\xeb\xba\x87\x8aW\
uuc\xf9\xb0g.R\xc8\x17\x00\xccu\xdd3\x95\
D\xe4\xae\x99\xa1\xdc\xc5|\xb3_pq\x00\x14\x80H\
,\xf9Y@\xff\x1d@\x99\xeb\x96\xa9%9(n3\
!|\x8f\xdf8\xa6\xa9\x14\x9d\x1d?L}s\x19\x04\
+\x01\x0d\xbb\xee\x99b{Dpi\xa6\xb3\xe5G\xae\
Ch|8\x00\x0aD\xa4>~\x14|\xb9\x0f\xc0<\
\xd7-\x0eX\x00\x8fA\xb0*\x97\x9e\xfe\x00?\x1e\xa0\
\xc9 \x22^\xb8\xb6\xe9D@V\x028\x03\x85\xf9\x96\
\xce\x83\xe9P\x91\xe5|gGa\xe0\x00( \x15\xf5\
\x0bg\x19?t;\x80\xd3]\xb78\x94\x06p\x87Z\
\xf9\xcf\x5cw\xea%\xd71\x14|\xe1\x9ax\x83\x88\xf9\
\x0cD?\x85\x22\xf9\xe2\xed~)~\xa1\xa5rq\xae\
#\xd5\xe7:\x85&\x06\x07@\x01\x8a\xd6\xc6/T\x91\
\xef\xa1`_!<R\xb2\x01\xc0\xaa\x19\xde\xb4\xbb\xb7\
o\x7fv\x97\xeb\x1a\x0a\x0eih(\x0b\xbfV\xfaq\
(V\x02\xf80\x8a\xe3\xdb\xfc\xefAv\x0b\xec\xb5\x99\
t\xeb\xbf\xb9.\xa1\x89\xc5\x01P\xa0*\xea\x1b\x17\x1a\
\xdf\xdc\x0d\xc8\xd1\xae[\xf2@\xaf\x00\xf7\xf8*?\x1f\
\xe8ny\x9a\x8f\x12\xd2\xfe\x88\x88\x89V\xc7\x8fS\xd1\
O\xa8\xc8y\x00*]7\xe5\x81g\xd4\xea\x8a\x5cw\
\xeb\x16\xd7!4\xf18\x00\x0a\x98\xc8\x89\xa1H\xac\xfb\
:U\xb9\xae\x08^\x1c42\x8am\x22\xb8_\xac\xac\
\xce\xf4\xb4\xac\xe7\x18\xa0\xaa\xbaD\xc2\x02g\xab\xe2\x02\
\x14\xe4\x89|cb\x05\xf8nv\x96|QS\xa9A\
\xd71498\x00\x8a@Em\xd3\x07\x8c\x98\xbb\xc1\
\x1fn\xef\xd4!\xc0\x7fs\x0c\x14\x9f\xb7]\xf4?\x09\
\xe0\xaf\x5c\xf7\xe4\x99\xad\x22\xf6\xc2Lg\xdb\x13\xaeC\
hrq\x00\x14\x89\xc8a\x8b\xa2\xd8\xeb\xff\x00\xc09\
\xae[\xf2\xd4\x9f\x01\xdck\xd5\xac\x19\xe8N\xfdAU\
}\xd7A4qDN\x0cE\xab{\xdeo\x8d]\x06\
\x98s\x00\x9d\xef\xba)?\xc9\xcfdo\xc9%|\xbf\
Fq\xe0\x00(2\xd1\xba\xe4\xdf\xa9\xeaw\x00D\x5c\
\xb7\xe4\xb1\x0c\x80GD\xf0\xd0\xe0\xb0>\xf4zOk\
\xa7\xeb \x1a\xbd\xea\xea\xc6\xd9\xc3\x9ew\x92\x02'\x01\
\xf8\x08\xf8w\xfe@2\xaaze\xae\xab\xf5.\xd7!\
4u8\x00\x8a\xd0\xcc\x9ad\xac\xc4\xc3\xb7T\xf5\x02\
\xd7-\x01\xf1\xb2\x00k\x14\xfa`n\x96Y\xc7\xcfD\
\xf3\x93\x88x\xe1\xba\xc6#E\xcd\xa9\xaa\xb2\x0c\xd0\xa3\
P\xd4\xdf\xde\x1f\x19\x81\xae1\xa1\x92Kz\xb7\xbd\xb0\
\xcdu\x0bM-\x0e\x80\x22\x16\xadm>\x13b\xbf\xab\
@\x9d\xeb\x96\xe0\x90\x9cB\x1f7\x8a'}\xd8\xa7\x07\
\xaa\xbd\x0d\x1c\x04nHCCYy\xff\xb4%\xc6\xf8\
\xc7\xa9\xcaR\x01N\x00P\xe1\xba+8d\xbb@/\
\xcb\xa4[~\xe9\xba\x84\xdc\xe0\x00(r\x95\x95\x87\x87\
\xb5t\xda\x8d\x0a|\x0e\x85\x7fd\xe9d\x18\x02d\xa3\
@\xd7\xab\xe0)k\x86\xd7\xf6o\x7fq\xa7\xeb\xa8B\
TU\xd5P\xe1\x97\x94\x1c#\x22KUq\x1c \xc7\
\x01:\xdduW\x00\xa9\x88\xdcmC\xf8<_\xeaS\
\xdc8\x00\x08\xc0\x1bG\x0c\xc3\xac\x82\xe2\x08\xd7-\x01\
\xa7\x02\xb4)t=\x80gT\xcc\x0b\xd3\xd5kM\xa7\
_x\xdduX\x90\xc4b\x8bg\xec\x16?!\x8a\xc5\
\x00\x8e\x11\xe8\xb1\x0a4\x81\xb7\xf4\xc7k\xb3\xb1X\xd9\
\xd7\xdd\xf2\xa4\xeb\x10r\x8f\x03\x80\xde\x22\xf3\xe7O\x8b\
\xec9\xe4\x1aU\x5c\x0b\xa0\xd4uO!\x11\xa0\x13\xd0\
\x0d\x0a\xb4\x88\xa2\xd5\x18\xd9\xd0\x97nmSU\xeb\xba\
\xcd\xb5\xea\xea\xc6\xd9\xbe\x17Zb\x05q\x01\x12P]\
\xa2\x90\x85|w\xc5\x84\x1a\x06\xf4_s\xd3w\xdf\xa0\
\xed\xed{\x5c\xc7P~\xe0\x00\xa0w\x89\xd6&\x17\xab\
\xe8*\x00\xc7\xb8n)p\xaf\x03H\xa9\xeaf@\xda\
\x0d\xb4\x1d\x1e^1\xe2\xb5\xf7\xedH\xed(\x94G\x11\
E\xc4\x8b\xceN\xd4\xab\xdayP3\xdfZ\x9d\x07\xe8\
|\x11i\x02\x90\x000\xc3qb\x81\x93\xdf\x19\xf8\x17\
\xf7\xa5\xdb6\xb9.\xa1\xfc\xc2\x01@\xfb%\x22\x12\x89\
%.\xb4\xaa\xff$\xc0l\xd7=Eh\x08\xc0V\x00\
\xaf\x00\xd2\x0e\xd8WT\xb1\x15\x06\xbdP\xe9\x155;\
\xcd\xd0\xae\x9d}}\x7f\xce\xb9\x8c\xac\xac<<\xec\x87\
\xa6W\xc3h\x15D\xab`Q%\x82\xb9\x80\x99\x0f\xe8\
<\xec;\x9dr.\x80\x12\x97\x9d\xc5I\xb6\xab\xea5\
\xfd\xdd\xad?\xe1K\xaeh\x7f8\x00\xe8\x80jj\x92\
3\x07\x8d^\x0b\xe0\x0b\x00\xa6\xb9\xee\xa1w\x19\x02\xd0\
\xab@\xaf(z!\xd2\x0b\xa0\x17\x8aA\x88\x1d\x00\x00\
U\xb3K\x0c\xf6\x02\x00\x14\x19\x00\x10\xc1\xa0B_\x07\
\x00\x81\xccP}\xe3#\x1fA\x14\x00\xd4\xa2L\xc4\x1e\
\xb2\xef\xdf1\xe5\x10\x94\x02\xa8\x82j\x95\x0a\xaa\x04\xa8\
\x020\x0b\xc5y$n\x9e\x93\xdd\x22\xf6\xe62-\xf9\
&\xbf{B\x07\xc2\x01@#RU\xdf<\xc7Z\xfd\
\xba\xaa\xae\x00\xbf\x88E\x94\x97\x04\xbaFa\xaf\xc8\xa6\
7\xb7\xbbn\xa1\xfc\xc7\x01@\xa3\x12\xadk:^\xd5\
\xdc\x02\xe0H\xd7-D\xf4\x06\xc1\xf3\x22\xfa\xf9\xcc\x8e\
\xd6u\xaeS(88\x00h\xd4D\xc4Dj\x9aV\
\xa8\xc8\xb7\x00\xd4\xba\xee!*b\xbd\x02\xfdZ\xb6\xab\
\xed\xbb\x85\xf2\xa5Q\x9a:\x1c\x004f\x95\x95\x87\x87\
m\xe9\xb4\xab\x01\x5c\x0e`\xa6\xeb\x1e\xa2\x222\x00\xc8\
\xad\xde\xd0\xdeo\xf5\xf6n\xe9w\x1dC\xc1\xc4\x01@\
\xe3VQ\xbfp\x96\xf1\xbd\xab\x00\xb9\x1c\xc0!\xae{\
\x88\x0a\xd8.\x01~8d\xe5\x9f_\xebN\xa5]\xc7\
P\xb0q\x00\xd0\x84)\xafk\xa8\xf6\xb4\xe4\x1f\x00\xb9\
\x12|b\x80h\x22\x0d\x02\xb8\xa3\xc4\xf7\xbf\xda\xd3\xb3\
y\x87\xeb\x18*\x0c\x1c\x004\xe1\xaa\xea\x9b\xe7X\xdf\
^\xa5\xc0\xc5\x00\xca\x5c\xf7\x10\x05\xd8\x10\x80\x1fy\xa1\
\xd0\xd7xZ\x1fM4\x0e\x00\x9a4\xd1\xd9\xf1\xc3\xd4\
\xca\x97\x00\x5c\x04>/N4\x1a\x16\xc0}Psm\
\xb6k\xd3\x9f]\xc7Pa\xe2\x00\xa0IWQ\xddt\
\x84\x84\xbc/\x8b\xea\xb9\xe0\x19\x03D\x072\xa8\x8a{\
\xa0\xf2\xf5\x5cw\xea%\xd71T\xd88\x00h\xca\xcc\
\xacm\xae-1\xf6\x12U\x5c\x0e\xa0\xd2u\x0fQ\x1e\
\xe9\x17\xe0\x0e\x13\x0a\xfd\x0bo\xf5\xd3T\xe1\x00\xa0)\
\xb7\xef\xf5\xc28\x1f\xd0\xab\x004\xb8\xee!r\xe8\x15\
\x88\xfc@\xf6\x94\xdc\x96\xc9<\x9fu\x1dC\xc5\x85\x03\
\x80\x9c\x11\x11\x13\xadM\x9cb\xa1_\x02\xf0~\xd7=\
DSF\xf0\xbcX\xbd%\xdb]{\x8f\xea\xdaa\xd7\
9T\x9c8\x00(/T\xd6$\x97Z\xa3W\x00r\
&\xcf\x81\xa7\x02\xa5\x00~k \xb7\xf6\xa5S\x0f\xba\
\x8e!\xe2\x00\xa0\xbcRQ\xbf\xa8Q\xfc\xe1\x95\x02\xb9\
\x10\xfbN\x9c#\x0a\xba\x9d*\xb8S\x8d\xbf\xaa\x7f\xfb\
\xe6\x17]\xc7\x10\xbd\x89\x03\x80\xf2\x92$\x93\xa5\xe1^\
=\x0d\x8a\x95\x00>\x0c\x9e@H\xc1\xa2\x02<\xad\x90\
;\xcbKrwutt\xecv\x1dD\xf4N\x1c\x00\
\x94\xf7\xaa\xea\x9b\xe7\xf8V\xcf\x87\xea\xa5\x00\xe6\xba\xee\
!:\x804\xa0?\x86z\xb7\xf3\xf9}\xcaw\x1c\x00\
\x14\x18\x22\xe2\x85k\x9bN\x04d%\x803\xc0\x97\x0b\
Q~\xb0\x00\x1e\x83`U.=\xfd\x01\xd5g\x87\x5c\
\x07\x11\x8d\x04\x07\x00\x05RU}\xf3\x9ca\xdf\xff\x94\
@>\x01 \xe9\xba\x87\x8a\x91n\x04p\xaf\x17*\xf9\
1\x9f\xdd\xa7 \xe2\x00\xa0\xc0+\xafK\xc6C\xd0s\
Tq\x0e\x80&\xd7=T\xc8\xa4\x1d\xb0\xf7\xfa\xc6\xfb\
\xf1\xc0\x8eMm\xaek\x88\xc6\x83\x03\x80\x0aJU]\
\x22a\x81\xb3\xd5\xca\xb9\x10]\xe8\xba\x87\x0a\xc2+\x02\
\xfcJ\xac\xac\xee\xebN=\xe5:\x86h\xa2p\x00P\
\xc1zk\x0c(\xce\x07\xdf8H\xa3\xb3U\x80\x07\xc4\
\xca\xeaLO\xcbz\xe5\x0fJ*@\x1c\x00T\x14\x22\
\xf5\xf1\xa3\xe0\xcbI\xaa8I\x04\x1f\x00\xbf@H\xff\
\xdf0\x14OC\xf0\x90X<\x94\xe9ny\xdeu\x10\
\xd1d\xe3\x00\xa0\xa2\x13\x8b-\x9e1\x08\xffo,t\
\x19\x80\x93\x01\xccq\xddDNt\x03xBT\xd7\xe8\
\xb4\xd0\x83\xd9W7f\x5c\x07\x11M%\x0e\x00*z\
\x91\xd8\xa2\x05\x82\xe1S\x15\xb2\x0c\xc0\x87\xc0#\x8b\x0b\
\x94\xf8\x00\xfe(\xa2kT\xec\x83\xb9\xce\xcd\xcf\xf1\xd6\
>\x153\x0e\x00\xa2\xb7\xa9\xaaj\xa8\xb0%e'\xa8\
b\xa9\x88\x1e\xab\xc0\xd1\x00\xca\x5cw\xd1\x98\xec\x15\xe0\
YUYo\x04Oy\xfe\xf0\xe3==\x9b\x07\x5cG\
\x11\xe5\x0b\x0e\x00\xa2\x03\x1091\x14\xaeK/\x16+\
K\x15r\x1c '\x00Z\xed\xba\x8b\xf6\xab\x1f\xc03\
\x22X\xaf\xaaO\xe5\xa6\xef~J\xdb\xdb\xf7\xb8\x8e\x22\
\xcaW\x1c\x00D\xa3TQ\xbf\xa8\xd1\xf3\xfdc\x15X\
\x0a\x95c!z\x04xV\xc1T\xb3\x00\xfe\x04\xe0i\
\x11<\xe5\x1b\xefw\xfd\xdb7nv\x1dE\x14$\x1c\
\x00D\xe3T]\xddX>T\x22G\x88/\x09\x88,\
\x01\xb0D\x81%\x00\xa6\xb9n+\x10\xc3\x02\xfc\x09\x22\
\x1b\xa0v\x83\x02-6\xa4\xcf\xf7ok\xebu\x1dF\
\x14d\x1c\x00D\x93@\xe4\xe8\x92\x99\xb1=\x0d\x1e4\
\xa1\x16q\x11\xc4\x01\xc4\x01\x1c\x01~\xc9\xf0\xbd\x0c\x02\
\xf2\x22\xa0m\xaa\xd2\x22\x06\xad\xbeH\xcbk\x9de/\
\xf1\xfd\xfaD\x13\x8f\x03\x80h\x8aE\x0e[\x14\xc5\xd0\
\xd0\x02\xa8Y\x00\xc8\x02\xa8.\x00\xf0\xe6\x9f\xb9(\xec\
w\x14d\x00y\x19\xd07\xfe\x98\x97\x01\xfb2\x10z\
9\xd7\xb5\xe9UU\xf5]\x07\x12\x15\x0b\x0e\x00\xa2<\
\x22rtI\xb8\xf6\xb5C\x81\xd0|\x81\xce\xb3*\x87\
\x1a\xd8\x1a5\x12S\x8b\x1a\x81\xd4@\x10\x034\xec\xba\
\xf5\x1d\xb2\x00\xd2\xaa\xe8\x11\xa0K\x04i\xab\xd2cD\
\xb7A\xa4]u\xf8\x95\x5cW]\x87\xea\xdaa\xd7\xa1\
D\xb4\x0f\x07\x00Q\x00\x89\x88W^\xdf\x18\x91A/\
*!\x89\xc0\xfa\x11\x88D\xa1\x1a\x86J\x08F\xc2j\
Q*bg\x08\xe4\x10}\xdb\xa3\x8c\x222]U\xa7\
\xbd\xe3\xbf\xb7GUw\xbf\xf5\xcf\xc0^\x85\xeeR5\
\xaf\x8b\xc1 \xac\xe6 :\x0c\x91\x1cT30^\x16\
>2\xb6d8;\xb0}s\x96\xbf\xb9\x13\x05\x0f\x07\
\x00\x11\x11Q\x112\xae\x03\x88\x88\x88h\xeaq\x00\x10\
\x11\x11\x15!\x0e\x00\x22\x22\xa2\x22\xc4\x01@DDT\
\x848\x00\x88\x88\x88\x8a\x10\x07\x00\x11\x11Q\x11\xe2\x00\
 \x22\x22*B\x1c\x00DDDE\x88\x03\x80\x88\x88\
\xa8\x08q\x00\x10\x11\x11\x15!\x0e\x00\x22\x22\xa2\x22\xc4\
\x01@DDT\x848\x00\x88\x88\x88\x8a\x10\x07\x00\x11\
\x11Q\x11\xe2\x00 \x22\x22*B\x1c\x00DDDE\
\x88\x03\x80\x88\x88\xa8\x08q\x00\x10\x11\x11\x15!\x0e\x00\
\x22\x22\xa2\x22\xc4\x01@DDT\x84\xfe\x0f\xb8?\xdd\
<I\x9c\xf3\x9e\x00\x00\x00\x00IEND\xaeB`\
\x82\
\x00\x00\x0eg\
\x89\
PNG\x0d\x0a\x1a\x0a\x00\x00\x00\x0dIHDR\x00\
\x00\x02\x00\x00\x00\x02\x00\x08\x06\x00\x00\x00\xf4x\xd4\xfa\
\x00\x00\x00\x09pHYs\x00\x01:\xf5\x00\x01:\xf5\
\x01\x97\x08vW\x00\x00\x00\x19tEXtSof\
tware\x00www.inksca\
pe.org\x9b\xee<\x1a\x00\x00\x0d\xf4ID\
ATx\x9c\xed\xdd\xcf\x8b]g\x1d\xc7\xf1\xe7\xdci\
VBi\x9a\xb6N\xd3\xa2\x88\x94hq#*\xa4\xe8\
\xcaM\x15\x04\xfd'T\xec\xce\x7f\xc4\x9d\xf8\x03\xff\x08\
\xb5\xdd\x88\xe0F\xb4\x05\x95\xa2\x95\x96\xd0M\xa1\xb4\xc9\
\xa4\x89)\xc5]3\xf7\xb80\xb7\xa4\xed$\x99\x1f\xe7\
\x9c\xe7y\xce\xe7\xf5\xda\xced\xf8\xc2\x90\xfbysg\
\xee\x9da\x1c\xc7\x02\x00d\xd9\xd4>\x00\x00X\x9e\x00\
\x00\x80@\x02\x00\x00\x02\x09\x00\x00\x08$\x00\x00 \x90\
\x00\x00\x80@\x02\x00\x00\x02\x09\x00\x00\x08$\x00\x00 \
\x90\x00\x00\x80@\x02\x00\x00\x02\x09\x00\x00\x08$\x00\x00\
 \x90\x00\x00\x80@\x02\x00\x00\x02\x09\x00\x00\x08$\x00\
\x00 \x90\x00\x00\x80@\x02\x00\x00\x02\x09\x00\x00\x08$\
\x00\x00 \x90\x00\x00\x80@\x02\x00\x00\x02\x09\x00\x00\x08\
$\x00\x00 \x90\x00\x00\x80@\x02\x00\x00\x02\x09\x00\x00\
\x08$\x00\x00 \x90\x00\x00\x80@\x02\x00\x00\x02\x09\x00\
\x00\x08$\x00\x00 \x90\x00\x00\x80@\x02\x00\x00\x02\x09\
\x00\x00\x08$\x00\x00 \x90\x00\x00\x80@\x02\x00\x00\x02\
\x09\x00\x00\x08$\x00\x00 \x90\x00\x00\x80@\x02\x00\x00\
\x02\x09\x00\x00\x08$\x00\x00 \x90\x00\x00\x80@\x02\x00\
\x00\x02\x09\x00\x00\x08$\x00\x00 \x90\x00\x00\x80@\x02\
\x00\x00\x02\x09\x00\x00\x08$\x00\x00 \x90\x00\x00\x80@\
\x02\x00\x00\x02\x09\x00\x00\x08$\x00\x00 \x90\x00\x00\x80\
@\x02\x00\x00\x02\x09\x00\x00\x08$\x00\x00 \x90\x00\x00\
\x80@\x02\x00\x00\x02\x09\x00\x00\x08$\x00\x00 \x90\x00\
\x00\x80@\x02\x00\x00\x02\x09\x00\x00\x08$\x00\x00 \x90\
\x00\x00\x80@\x02\x00\x00\x02\x09\x00\x00\x08$\x00\x00 \
\x90\x00\x00\x80@\x02\x00\x00\x02\x09\x00\x00\x08$\x00\x00\
 \x90\x00\x00\x80@\x02\x00\x00\x02\x09\x00\x00\x08$\x00\
\x00 \x90\x00\x00\x80@\x02\x00\x00\x02\x09\x00\x00\x08$\
\x00\x00 \x90\x00\x00\x80@\x02\x00\x00\x02\x09\x00\x00\x08\
$\x00\x00 \x90\x00\x00\x80@\x02\x00\x00\x02\x09\x00\x00\
\x08$\x00\x00 \x90\x00\x00\x80@\x02\x00\x00\x02\x09\x00\
\x00\x08$\x00\x00 \x90\x00\x00\x80@\x02\x00\x00\x02\x09\
\x00\x00\x08$\x00\x00 \x90\x00\x00\x80@\x02\x00\x00\x02\
\x09\x00\x00\x08$\x00\x00 \x90\x00\x00\x80@\x02\x00\x00\
\x02\x09\x00\x00\x08$\x00\x00 \x90\x00\x00\x80@\x02\x00\
\x00\x02\x09\x00\x00\x08$\x00\x00 \x90\x00\x00\x80@\x02\
\x00\x00\x02\x09\x00\x00\x08$\x00\x00 \x90\x00\x00\x80@\
\x02\x00\x00\x02\x09\x00\x00\x08$\x00\x00 \x90\x00\x00\x80\
@\x02\x00\x00\x02\x09\x00\x00\x08$\x00\x00 \x90\x00\x00\
\x80@\x02\x00\x00\x02\x09\x00\x00\x08$\x00\x00 \x90\x00\
\x00\x80@\x02\x00\x00\x02\x09\x00\x00\x08$\x00\x00 \x90\
\x00\x00\x80@\x02\x00\x00\x02\x09\x00\x00\x08$\x00\x00 \
\x90\x00\x00\x80@\x02\x00\x00\x02\x09\x00\x00\x08$\x00\x00\
 \x90\x00\x00\x80@\x02\x00\x00\x02\x09\x00\x00\x08$\x00\
\x00 \x90\x00\x00\x80@\x02\x00\x00\x02\x09\x00\x00\x08$\
\x00\x00 \x90\x00\x00\x80@\x02\x00\x00\x02\x09\x00\x00\x08\
$\x00\x00 \x90\x00\x00\x80@\x02\x00\x00\x02\x09\x00\x00\
\x08$\x00\x00 \x90\x00\x00\x80@\x02\x00\x00\x02\x09\x00\
\x00\x08$\x00\x00 \x90\x00\x00\x80@\x02\x00\x00\x02\x09\
\x00\x00\x08$\x00\x00 \x90\x00\x00\x80@\x02\x00\x00\x02\
\x09\x00\x00\x08$\x00\x00 \x90\x00\x00\x80@\x02\x00\x00\
\x02\x09\x00\x00\x08$\x00\x00 \x90\x00\x00\x80@\x02\x00\
\x00\x02\x09\x00\x00\x08$\x00\x00 \x90\x00\x00\x80@\x02\
\x00\x00\x02\x09\x00\x00\x08$\x00\x00 \x90\x00\x00\x80@\
\x02\x00\x00\x02\x09\x00\x00\x08\xf4P\xed\x03\x80e\x0d\xc3\
\xb0y\xec\xb1K\xfb\x1f\x9e\x1b\x9e,\xa5\x94s\x1f\x8e\
Wo\xdc\xb8rm\x1c\xc7m\xed\xdb\x80\xe5\x0c\xe38\
\xd6\xbe\x01X\xc0\x85\xfdg/o\x87\xed\x0f7\xa5|\
o,\xe5\x89\xbb?6\x94r};\x94\x177\xdb\xcd\
on^{\xfd\x95Z7\x02\xcb\x11\x00\xb0rO<\
\xf1\x95\xfd\xdb\x9b\xdb\xbf(C\xf9\xc11>}\x1c\xc6\
\xe1\xb7{\xdb\xbd\x17\xae_\xff\xf7\xb5\xd9\x8f\x03\xaa\x11\
\x00\xb0b\xe7\x9fz\xe6\xab\xc3v\xef\xf7\xa5\x94\xa7O\
\xf8O\xdf\x1e7\x87\xdf\xbf\xf5\xce\x9b\xaf\xceq\x17P\
\x9f\x00\x80\x95z\xe4\xe2\x97\xbf\xb6\x19\xc7?\x96R\xce\
\x9f\xf2K|0\x8c\x9b\xe7\xfdH\x00\xd6\xc9\xab\x00`\
\x85&\x18\xffRJyx\x1c\xb6\x7f\xb8\xb0\xff\xec\xe5\
\xa9\xee\x02\xda!\x00`e&\x1a\xff\x1d\x11\x00+%\
\x00`E&\x1e\xff\x1d\x11\x00+$\x00`%f\x1a\
\xff\x1d\x11\x00+#\x00`\x05f\x1e\xff\x1d\x11\x00+\
\x22\x00\xa0s\x0b\x8d\xff\x8e\x08\x80\x95\x10\x00\xd0\xb1\x85\
\xc7\x7fG\x04\xc0\x0a\x08\x00\xe8T\xa5\xf1\xdf\x11\x01\xd0\
9\x01\x00\x1d\xaa<\xfe;\x22\x00:&\x00\xa03\x8d\
\x8c\xff\x8e\x08\x80N\x09\x00\xe8Hc\xe3\xbf#\x02\xa0\
C\x02\x00:\xd1\xe8\xf8\xef\x88\x00\xe8\x8c\x00\x80\x0e4\
>\xfe;\x22\x00:\x22\x00\xa0q\x9d\x8c\xff\x8e\x08\x80\
N\x08\x00hXg\xe3\xbf#\x02\xa0\x03\x02\x00\x1a\xd5\
\xe9\xf8\xef\x88\x00h\x9c\x00\x80\x06u>\xfe;\x22\x00\
\x1a&\x00\xa01+\x19\xff\x1d\x11\x00\x8d\x12\x00\xd0\x90\
\x95\x8d\xff\x8e\x08\x80\x06\x09\x00h\xc4J\xc7\x7fG\x04\
@c\x04\x004`\xe5\xe3\xbf#\x02\xa0!\x02\x00*\
\x0b\x19\xff\x1d\x11\x00\x8d\x10\x00PQ\xd8\xf8\xef\x88\x00\
h\x80\x00\x80JB\xc7\x7fG\x04@e\x02\x00*\x08\
\x1f\xff\x1d\x11\x00\x15\x09\x00X\x98\xf1\xff\x18\x11\x00\x95\
\x08\x00X\x90\xf1?\x92\x08\x80\x0a\x04\x00,\xc4\xf8\xdf\
\x97\x08\x80\x85\x09\x00X\x80\xf1?\x16\x11\x00\x0b\x12\x00\
03\xe3\x7f\x22\x22\x00\x16\x22\x00`F\xc6\xffTD\
\x00,@\x00\xc0L\x8c\xff\x99\x88\x00\x98\x99\x00\x80\x19\
\x18\xffI\x88\x00\x98\x91\x00\x80\x89\x19\xffI\x89\x00\x98\
\x89\x00\x80\x09\x19\xffY\x88\x00\x98\x81\x00\x80\x89\x18\xff\
Y\x89\x00\x98\x98\x00\x80\x09\x18\xffE\x88\x00\x98\x90\x00\
\x8032\xfe\x8b\x12\x010\x11\x01\x00g`\xfc\xab\x10\
\x010\x01\x01\x00\xa7d\xfc\xab\x12\x01pF\x02\x00N\
\xc1\xf87A\x04\xc0\x19\x08\x008!\xe3\xdf\x14\x11\x00\
\xa7$\x00\xe0\x04\x8c\x7f\x93D\x00\x9c\x82\x00\x80c2\
\xfeM\x13\x01pB\x02\x00\x8e\xc1\xf8wA\x04\xc0\x09\
\x08\x00x\x00\xe3\xdf\x15\x11\x00\xc7$\x00\xe0>\x8c\x7f\
\x97D\x00\x1c\x83\x00\x80{0\xfe]\x13\x01\xf0\x00\x02\
\x00\x8e`\xfcWA\x04\xc0}\x08\x00\xf8\x04\xe3\xbf*\
\x22\x00\xeeA\x00\xc0]\x8c\xff*\x89\x008\x82\x00\x80\
;\x8c\xff\xaa\x89\x00\xf8\x04\x01\x00\xc5\xf8\x87\x10\x01p\
\x17\x01@<\xe3\x1fE\x04\xc0\x1d\x02\x80h\xc6?\x92\
\x08\x80\x22\x00\x08f\xfc\xa3\x89\x00\xe2\x09\x00\x22\x19\x7f\
\x8a\x08 \x9c\x00 \x8e\xf1\xe7.\x22\x80X\x02\x80(\
\xc6\x9f#\x88\x00\x22\x09\x00b\x18\x7f\xeeC\x04\x10G\
\x00\x10\xc1\xf8s\x0c\x22\x80(\x02\x80\xd53\xfe\x9c\x80\
\x08 \x86\x00`\xd5\x8c?\xa7 \x02\x88 \x00X-\
\xe3\xcf\x19\x88\x00VO\x00\xb0J\xc6\x9f\x09\x88\x00V\
M\x00\xb0:\xc6\x9f\x09\x89\x00VK\x00\xb0*\xc6\x9f\
\x19\x88\x00VI\x00\xb0\x1a\xc6\x9f\x19\x89\x00VG\x00\
\xb0\x0a\xc6\x9f\x05\x88\x00VE\x00\xd0=\xe3\xcf\x82D\
\x00\xab!\x00\xe8\x9a\xf1\xa7\x02\x11\xc0*\x08\x00\xbae\
\xfc\xa9H\x04\xd0=\x01@\x97\x8c?\x0d\x10\x01tM\
\x00\xd0\x1d\xe3OCD\x00\xdd\x12\x00t\xc5\xf8\xd3 \
\x11@\x97\x04\x00\xdd0\xfe4L\x04\xd0\x1d\x01@\x17\
\x8c?\x1d\x10\x01tE\x00\xd0<\xe3OGD\x00\xdd\
\x10\x004\xcd\xf8\xd3!\x11@\x17\x04\x00\xcd2\xfet\
L\x04\xd0<\x01@\x93\x8c?+ \x02h\x9a\x00\xa0\
9\xc6\x9f\x15\x11\x014K\x00\xd0\x14\xe3\xcf\x0a\x89\x00\
\x9a$\x00h\x86\xf1g\xc5D\x00\xcd\x11\x004\xc1\xf8\
\x13@\x04\xd0\x14\x01@u\xc6\x9f \x22\x80f\x08\x00\
\xaa2\xfe\x04\x12\x014A\x00P\x8d\xf1'\x98\x08\xa0\
:\x01@\x15\xc6\x1fD\x00u\x09\x00\x16g\xfc\xe1#\
\x22\x80j\x04\x00\x8b2\xfe\xf0)\x22\x80*\x04\x00\x8b\
1\xfepO\x22\x80\xc5\x09\x00\x16a\xfc\xe1\x81D\x00\
\x8b\x12\x00\xcc\xce\xf8\xc3\xb1\x89\x00\x16#\x00\x98\x95\xf1\
\x87\x13\x13\x01,B\x000\x1b\xe3\x0f\xa7&\x02\x98\x9d\
\x00`\x16\xc6\x1f\xceL\x040+\x01\xc0\xe4\x8c?L\
F\x040\x1b\x01\xc0\xa4\x8c?LN\x040\x0b\x01\xc0\
d\x8c?\xccF\x0409\x01\xc0$\x8c?\xccN\x04\
0)\x01\xc0\x99\x19\x7fX\x8c\x08`2\x02\x8031\
\xfe\xb08\x11\xc0$\x04\x00\xa7f\xfc\xa1\x1a\x11\xc0\x99\
\x09\x00N\xc5\xf8Cu\x22\x803\x11\x00\x9c\x98\xf1\x87\
f\x88\x00NM\x00p\x22\xc6\x1f\x9a#\x028\x15\x01\
\xc0\xb1\x19\x7fh\x96\x08\xe0\xc4\x04\x00\xc7b\xfc\xa1y\
\x22\x80\x13\x11\x00<\x90\xf1\x87n\x88\x00\x8eM\x00p\
_\xc6\x1f\xba#\x028\x16\x01\xc0=\x19\x7f\xe8\x96\x08\
\xe0\x81\x04\x00G2\xfe\xd0=\x11\xc0}\x09\x00>\xc5\
\xf8\xc3j\x88\x00\xeeI\x00\xf01\xc6\x1fVG\x04p\
$\x01\xc0G\x8c?\xac\x96\x08\xe0S\x04\x00\xa5\x14\xe3\
\x0f\x01D\x00\x1f#\x000\xfe\x90C\x04\xf0\x11\x01\x10\
\xce\xf8C\x1c\x11@)E\x00D3\xfe\x10K\x04 \
\x00R\x19\x7f\x88'\x02\xc2\x09\x80@\xc6\x1f\xb8C\x04\
\x04\x1b\xc6q\xac}\x03\x0b\xba3\xfe\x7f*\xa5<\x5c\
\xfb\x16\xa0\x19\x1fl\x87\xe1\xdb\xef\xbf\xfb\xc6?j\x1f\
\xc2r\x04@\x90\x0bO?\xf3\xf4x\xb8\xf7\xb7R\xca\
~\xed[\x80\xe6\x5c\xdd<4~\xe3\xc6\xdbW\xde\xa9\
}\x08\xcb\xf0#\x80 \xe3\xe1\xde\xcf\x8b\xf1\x07\x8e\xf6\
\xe4\xf6\xf6\xe6W\xb5\x8f`9\x9e\x01\x08\xf1\xe8S\x97\
\xbeU\xb6\xc3\x9fk\xdf\x01\xb4m\x187\xcf\xdd\xbc\xf6\
\xfa+\xb5\xef`~\x9e\x01H1\x0e?\xa9}\x02\xd0\
\xbeq\x18=V\x84\x10\x00\x01\x86a\xd8\x94\xb1<_\
\xfb\x0e\xa0\x07\xe3w\x87a\xb0\x0d\x01|\x93\x03<\xb2\
\xff\xa5\xcf\x95R.\xd4\xbe\x03\xe8\xc2\xe3\x8f^\xfc\xe2\
S\xb5\x8f`~\x02 \xc0f[.\xd6\xbe\x01\xe8\xc7\
p\xb8\xf1\x98\x11@\x00$\x18\x86m\xed\x13\x80\x8ex\
\xcc\x88 \x00\x02l7\xe5j\xed\x1b\x80~\x8c\x9b\xc3\
k\xb5o`~^\x06\x18`\x18\x86\xe1\xfc\xfe\xa5\x9b\
\xc5[\xff\x02\x0fv\xf3\xd6\xb5+\x8f\x8f\xc6a\xf5<\
\x03\x10\xe0\xff\xff\x91\x87\x17k\xdf\x01\xb4o(\xe3\x8b\
\xc6?\x83\x00\x081l\x8bw\xf8\x02\x1el\xbb\xf9u\
\xed\x13X\x86\x00\x08q\xf3\xe0\x8d\xbf\x962\xbeT\xfb\
\x0e\xa0aC\xf9\xdd\xcd\x837^\xae}\x06\xcb\x10\x00\
A\xf6n\xef\xfdh(\xe5z\xed;\x80\xf6\x8ce<\
8wx\xee\xc7\xb5\xef`9\x02 \xc8{\xef\xbd~\
u\xbb9\xfcN)\xe5V\xed[\x80\xa6\xfc\xa7l\xcb\
\xf3\x07\x07\xaf\x1d\xd4>\x84\xe5\x08\x800\xb7\xdey\xf3\
\xd5\xbd\xbd\xe1r)\xe5\xb5\xda\xb7\x00M\xf8\xd7\xe1\xe1\
\xe6\xf2\xad\x83+\xff\xac}\x08\xcb\xf22\xc0P\xc3\xf0\
\xf5s\x8f|\xf6\xbf/\x0cC\xf9i)\xe5\xf3\xb5\xef\
\x01\x16\xf7\xd68\x0e?{\xff\xe03\xbf\x1c\xc7\xbf\x7f\
X\xfb\x18\x96'\x00\xc2\x0d\xc3\xb09\x7f\xf1\xd2se\
[\xbeYJ\xf9B\xf17\x03`\xcdn\x94R\xde*\
\x9b\xf2\x97[\xef^yy\x1cG\xef\xf8\x17L\x00\x00\
@ \xbf\x03\x00\x00\x81\x04\x00\x00\x04\x12\x00\x00\x10H\
\x00\x00@ \x01\x00\x00\x81\x04\x00\x00\x04\x12\x00\x00\x10\
H\x00\x00@ \x01\x00\x00\x81\x04\x00\x00\x04\x12\x00\x00\
\x10H\x00\x00@ \x01\x00\x00\x81\x04\x00\x00\x04\x12\x00\
\x00\x10H\x00\x00@ \x01\x00\x00\x81\x04\x00\x00\x04\x12\
\x00\x00\x10H\x00\x00@ \x01\x00\x00\x81\x04\x00\x00\x04\
\x12\x00\x00\x10H\x00\x00@ \x01\x00\x00\x81\x04\x00\x00\
\x04\x12\x00\x00\x10H\x00\x00@ \x01\x00\x00\x81\x04\x00\
\x00\x04\x12\x00\x00\x10H\x00\x00@ \x01\x00\x00\x81\x04\
\x00\x00\x04\x12\x00\x00\x10H\x00\x00@ \x01\x00\x00\x81\
\x04\x00\x00\x04\x12\x00\x00\x10H\x00\x00@ \x01\x00\x00\
\x81\x04\x00\x00\x04\x12\x00\x00\x10H\x00\x00@ \x01\x00\
\x00\x81\x04\x00\x00\x04\x12\x00\x00\x10H\x00\x00@ \x01\
\x00\x00\x81\x04\x00\x00\x04\x12\x00\x00\x10H\x00\x00@ \
\x01\x00\x00\x81\x04\x00\x00\x04\x12\x00\x00\x10H\x00\x00@\
 \x01\x00\x00\x81\x04\x00\x00\x04\x12\x00\x00\x10H\x00\x00\
@ \x01\x00\x00\x81\x04\x00\x00\x04\x12\x00\x00\x10H\x00\
\x00@ \x01\x00\x00\x81\x04\x00\x00\x04\x12\x00\x00\x10H\
\x00\x00@ \x01\x00\x00\x81\x04\x00\x00\x04\x12\x00\x00\x10\
H\x00\x00@ \x01\x00\x00\x81\x04\x00\x00\x04\x12\x00\x00\
\x10H\x00\x00@ \x01\x00\x00\x81\x04\x00\x00\x04\x12\x00\
\x00\x10H\x00\x00@ \x01\x00\x00\x81\x04\x00\x00\x04\x12\
\x00\x00\x10H\x00\x00@ \x01\x00\x00\x81\x04\x00\x00\x04\
\x12\x00\x00\x10H\x00\x00@ \x01\x00\x00\x81\x04\x00\x00\
\x04\x12\x00\x00\x10H\x00\x00@ \x01\x00\x00\x81\x04\x00\
\x00\x04\x12\x00\x00\x10H\x00\x00@ \x01\x00\x00\x81\x04\
\x00\x00\x04\x12\x00\x00\x10H\x00\x00@ \x01\x00\x00\x81\
\x04\x00\x00\x04\x12\x00\x00\x10H\x00\x00@ \x01\x00\x00\
\x81\x04\x00\x00\x04\x12\x00\x00\x10H\x00\x00@ \x01\x00\
\x00\x81\x04\x00\x00\x04\x12\x00\x00\x10H\x00\x00@ \x01\
\x00\x00\x81\x04\x00\x00\x04\x12\x00\x00\x10H\x00\x00@ \
\x01\x00\x00\x81\x04\x00\x00\x04\x12\x00\x00\x10H\x00\x00@\
 \x01\x00\x00\x81\x04\x00\x00\x04\x12\x00\x00\x10H\x00\x00\
@ \x01\x00\x00\x81\x04\x00\x00\x04\x12\x00\x00\x10H\x00\
\x00@ \x01\x00\x00\x81\x04\x00\x00\x04\x12\x00\x00\x10H\
\x00\x00@ \x01\x00\x00\x81\x04\x00\x00\x04\x12\x00\x00\x10\
H\x00\x00@ \x01\x00\x00\x81\x04\x00\x00\x04\x12\x00\x00\
\x10H\x00\x00@ \x01\x00\x00\x81\x04\x00\x00\x04\x12\x00\
\x00\x10H\x00\x00@ \x01\x00\x00\x81\x04\x00\x00\x04\x12\
\x00\x00\x10H\x00\x00@ \x01\x00\x00\x81\x04\x00\x00\x04\
\x12\x00\x00\x10H\x00\x00@ \x01\x00\x00\x81\x04\x00\x00\
\x04\x12\x00\x00\x10H\x00\x00@ \x01\x00\x00\x81\x04\x00\
\x00\x04\x12\x00\x00\x10H\x00\x00@ \x01\x00\x00\x81\x04\
\x00\x00\x04\x12\x00\x00\x10H\x00\x00@ \x01\x00\x00\x81\
\x04\x00\x00\x04\x12\x00\x00\x10H\x00\x00@ \x01\x00\x00\
\x81\x04\x00\x00\x04\x12\x00\x00\x10H\x00\x00@ \x01\x00\
\x00\x81\x04\x00\x00\x04\x12\x00\x00\x10H\x00\x00@ \x01\
\x00\x00\x81\x04\x00\x00\x04\x12\x00\x00\x10H\x00\x00@\xa0\
\xff\x01wF\x0c \xb5V\xc9\xfa\x00\x00\x00\x00IE\
ND\xaeB`\x82\
\x00\x00 \x19\
\x89\
PNG\x0d\x0a\x1a\x0a\x00\x00\x00\x0dIHDR\x00\
\x00\x02\x00\x00\x00\x02\x00\x08\x06\x00\x00\x00\xf4x\xd4\xfa\
\x00\x00\x00\x09pHYs\x00\x01:\xf5\x00\x01:\xf5\
\x01\x97\x08vW\x00\x00\x00\x19tEXtSof\
tware\x00www.inksca\
pe.org\x9b\xee<\x1a\x00\x00\x1f\xa6ID\
ATx\x9c\xed\xddy\x90\x9cw}\xe7\xf1\xcf\xf7\xe9\
\x19\xc9\xb6|\xcc!yz$k\xb1\x88\xa5\x19\xd9\xb2\
\x04\xd8\xc0\x02N\xd6\x06g\xcb1f\x97\x0de\x130\
\xd7n\x0ca\x93J\x80\xe50\x01\x12n0\x87\x97\xcd\
\xeeR\x04\xcc\x11 ,\x98\xc3\x09\xe0\x10\x03v\x0ca\
\x1d\x02k|\x0aI\xa3\xb1\x91\x8d%M\x8f\xe49|\
K3\xd3\xcfw\xff\xb0\x90\x11\x96d\x8d4\xd3\xdf\xee\
\xfe\xbe_U\x14\x94\xab\x5c\xf5\xa1JO?o\xfd\xba\
\x9fnsw\x01\x00\x80\x5c\x8a\xe8\x01\x00\x00\xa0\xf1\x08\
\x00\x00\x00\x12\x22\x00\x00\x00H\x88\x00\x00\x00 !\x02\
\x00\x00\x80\x84\x08\x00\x00\x00\x12\x22\x00\x00\x00H\x88\x00\
\x00\x00 !\x02\x00\x00\x80\x84\x08\x00\x00\x00\x12\x22\x00\
\x00\x00H\x88\x00\x00\x00 !\x02\x00\x00\x80\x84\x08\x00\
\x00\x00\x12\x22\x00\x00\x00H\x88\x00\x00\x00 !\x02\x00\
\x00\x80\x84\x08\x00\x00\x00\x12\x22\x00\x00\x00H\x88\x00\x00\
\x00 !\x02\x00\x00\x80\x84\x08\x00\x00\x00\x12\x22\x00\x00\
\x00H\x88\x00\x00\x00 !\x02\x00\x00\x80\x84\x08\x00\x00\
\x00\x12\x22\x00\x00\x00H\x88\x00\x00\x00 !\x02\x00\x00\
\x80\x84\x08\x00\x00\x00\x12\x22\x00\x00\x00H\x88\x00\x00\x00\
 !\x02\x00\x00\x80\x84\x08\x00\x00\x00\x12\x22\x00\x00\x00\
H\x88\x00\x00\x00 !\x02\x00\x00\x80\x84\x08\x00\x00\x00\
\x12\x22\x00\x00\x00H\x88\x00\x00\x00 !\x02\x00\x00\x80\
\x84\x08\x00\x00\x00\x12\x22\x00\x00\x00H\x88\x00\x00\x00 \
!\x02\x00\x00\x80\x84\x08\x00\x00\x00\x12\x22\x00\x00\x00H\
\x88\x00\x00\x00 !\x02\x00\x00\x80\x84\x08\x00\x00\x00\x12\
\x22\x00\x00\x00H\x88\x00\x00\x00 !\x02\x00\x00\x80\x84\
\x08\x00\x00\x00\x12\x22\x00\x00\x00H\x88\x00\x00\x00 !\
\x02\x00\x00\x80\x84\x08\x00\x00\x00\x12\x22\x00\x00\x00H\x88\
\x00\x00\x00 !\x02\x00\x00\x80\x84\x08\x00\x00\x00\x12\x22\
\x00\x00\x00H\x88\x00\x00\x00 !\x02\x00\x00\x80\x84\x08\
\x00\x00\x00\x12\x22\x00\x00\x00H\x88\x00\x00\x00 !\x02\
\x00\x00\x80\x84\x08\x00\x00\x00\x12\x22\x00\x00\x00H\x88\x00\
\x00\x00 !\x02\x00\x00\x80\x84\x08\x00\x00\x00\x12\x22\x00\
\x00\x00H\x88\x00\x00\x00 !\x02\x00\x00\x80\x84\x08\x00\
\x00\x00\x12\x22\x00\x00\x00H\x88\x00\x00\x00 !\x02\x00\
\x00\x80\x84\x08\x00\x00\x00\x12\x22\x00\x00\x00H\x88\x00\x00\
\x00 !\x02\x00\x00\x80\x84\x08\x00\x00\x00\x12\x22\x00\x00\
\x00H\x88\x00\x00\x00 !\x02\x00\x00\x80\x84\x08\x00\x00\
\x00\x12\x22\x00\x00\x00H\x88\x00\x00\x00 !\x02\x00\x00\
\x80\x84\x08\x00\x00\x00\x12\x22\x00\x00\x00H\x88\x00\x00\x00\
 !\x02\x00\x00\x80\x84\x08\x00\x00\x00\x12\x22\x00\x00\x00\
H\x88\x00\x00\x00 !\x02\x00\x00\x80\x84\x08\x00\x00\x00\
\x12\x22\x00\x00\x00H\x88\x00\x00\x00 !\x02\x00\x00\x80\
\x84\x08\x00\x00\x00\x12\x22\x00\x00\x00H\x88\x00\x00\x00 \
!\x02\x00\x00\x80\x84\x08\x00\x00\x00\x12\x22\x00\x00\x00H\
\x88\x00\x00\x00 !\x02\x00\x00\x80\x84\x08\x00\x00\x00\x12\
\x22\x00\x00\x00H\x88\x00\x00\x00 !\x02\x00\x00\x80\x84\
\x08\x00\x00\x00\x12\x22\x00\x00\x00H\x88\x00\x00\x00 !\
\x02\x00\x00\x80\x84\x08\x00\x00\x00\x12\x22\x00\x00\x00H\x88\
\x00\x00\x00 !\x02\x00\x00\x80\x84\x08\x00\x00\x00\x12\x22\
\x00\x00\x00H\xa8#z\x00\x80\xc3\xb7|\xf9\xf2\xa3\x1f\
\x9e9j\x85\xcbV\x98\x17}nZ,i\x89I\xbd\
.\xf5\xca\xd5+S\xaf\xa4\x05{\xfe\x95\xee=\xff\xbd\
@\xd2\xa2=\xff\xfb!IS{\xfe\xf7\xc4\x9e\xff\xde\
-iL\xa61w\x8d\x994&\xe9^s\xdd\xeb\xe6\
5Sy\xd71\x1d\xbb\xb6\xdcs\xcf=\x8f4\xe0\xff\
&\x80y`\xee\x1e\xbd\x01\xc0A\x98\x9d\xd9\xd9\xdd\xf7\
\xf0\x80\xe4kU\x94k\xe4\xf6d\xc9Nv\x95'\x9b\
\xac/r\x9b\xcbGM\xda\x22\x15w\xc9\xca-*\x8b\
\xdb%\xbb}b\xf4\x98!\xf7\x1b\xa7#\xb7\x0188\
\x02\x00h\x22\xcb\x97/?\xfa\xa1\xfa1g\x9a\x17\xcf\
t\xf9Z\xb9N\x97\xe9T=\xf67\xf8V1%\xd7\
\x06\x99n7\xd9mn\xe5O\x16U\x1e\xbe\x91\x13\x03\
\xa0y\x10\x00@\xa0\xbe\xbe\xd3\xfb\xa6m\xe6\x19f:\
\xa34=\xc7\xdc\xcf\x92tT\xf4\xaey2c\xd2\xad\
2\xddP\xba\xff\xcc\x8a\xce\x1f\x8co[\xff\xcb\xe8Q\
@V\x04\x00\xd0@f\xe7tt/\xdd\xfeoU\xda\
\x05&\x9d\xeb\xd2\xd3$Y\xf4\xae@\xbf\x90\xfb\xb5R\
q\xf5\xc4q3\xdf\xf3\xe1\xe1\xdd\xd1\x83\x80,\x08\x00\
`\x9e\xf5\x9e\xb4\xf2$\xafW^ \xe9\xf7$=W\
\x8f}\xf8\x0e\xfbzP\xa6\xeb$]ST\xfc\xdb\xf7\
\xde3\xb4-z\x10\xd0\xce\x08\x00`\x1e\x1c\xbfl`\
q\xa5\xd4\xf9\xb2\xe2\xe5\xe6\xfe\x5c\xf1\xc8\xedl\x95r\
\xfd\xd8\xa5\xafu\xd4\xf5\xb5\x9d;7m\x8f\x1e\x04\xb4\
\x1b\x02\x00\x98#\xc7/\x1bX\xdcQ\xea\xc5Rq\x91\
\xe4g\x89\x9b\xfe\x5c)%\xfd\xb3\xa4\xaf\xceT\xec\xab\
\xf7o\xdd8\x16=\x08h\x07\x04\x00p\x84\xba\x96\xae\
>\xa3(\xcb\xd7\xc8\xec\xe5\x92\x8e\x8e\xde\xd3\xe6vK\
\xfaV\xe1\xfe\xa9\xb1\xd1\xcd\xd79/`\xc0a#\x00\
\x80\xc3p\xe2\x89k\xaa3\x95\x99WJ~\x89d\xa7\
D\xef\xc9\xc9\xef0\x15_R1\xfd\x99\xb1mw\xdc\
\x13\xbd\x06h5\x04\x000\x0b\xdd\xcbV>\xd5\xea\x95\
7\xcat\x91\xa4\xce\xe8=\x90$M\xcbu\xa5w\x94\
\x97Ol\xdd|K\xf4\x18\xa0U\x10\x00\xc0!\xe8Y\
6p\x96J]*\xd9\xf3\x95\xfb\xb1\xbd\xe6\xe6\xbaA\
\xb2\x0fM\x8cn\xba\x9a\xb7\x07\x80\x83#\x00\x80\x030\
;\xa7\xa3\xab:\xf2r\x93\xbdI\xf2S\xa3\xf7`V\
\xd6\xbb\xec\xa3\x93\xb5\xea\x97\xdc\xaf\x9f\x89\x1e\x034#\
\x02\x00\xf8\x0dfV\xf4T\x07^TJ\xef3iU\
\xf4\x1e\x1c\x91\xbb\xcc\xec\x83\xe3#\x9b>\xe3\xee\xf5\xe8\
1@3!\x00\x80=\xcc\xcc\xba\xfb\x06/P\xe1\xef\
\x95k]\xf4\x1e\xcc\xa9\x8d.\xbfl\xb2\xb6\xf9o\xdd\
\xbd\x8c\x1e\x034\x03\x02\x00\x90\xd4\xbbt\xf0<w}\
H\xd2\xda\xe8-\x98G\xae[\xacb\x97\x8em\xdb\xf8\
\xbd\xe8)@4\x02\x00\xa9\x9dp\xe2\xa9++\x95\xf2\
\xfd\x92.\x8c\xde\x82\xc6q\xb3k\x0b\x9fy\xdd\xd8\xc8\
\xf0\x86\xe8-@\x14\x02\x00)u\xafX\xd1e\xbb\x16\
\xbeU\xd2\xeb%-\x8c\xde\x83\x10\xd3f\xfa\x84\xef\x9a\
\xfe\xcb\xf1\xf1;\xef\x8b\x1e\x034\x1a\x01\x80T\xcc\xcc\
z\xfaW]\xe2n\x1f\x90\xb48z\x0f\xe2\x99\xb4\xa3\
\x94\xde:Y\x1b\xfa\x1b\x1e\x1dD&\x04\x00\xd2\xe8\xea\
[\xf9[\x95\xa2\xf2I\x97\x9e\x17\xbd\x05M\xe9G\x95\
B\xaf\xde\xb9m\xd3P\xf4\x10\xa0\x11\x08\x00\xb4=\xb3\
s:\xba\xfaF\xfe\xc4L\xef\x17?\xc5\x8b\x83{\xc4\
d\x1f\x1e\xef\xad|\xc0\xd7\xaf\x9f\x8a\x1e\x03\xcc'\x02\
\x00m\xadk\xe9\xea3\x0a\xf9gx\xac\x0f\xb3c7\
\x97\x85]2\xb9m\xc3M\xd1K\x80\xf9\xc2\xcf\x95\xa2\
-\x99Y\xd1]\x1d|]\xe1\xfe/\xdc\xfc1{\xfe\
\xd4\xa2,\x7f\xd2\xdb\xbf\xfa]fV\x89^\x03\xcc\x07\
N\x00\xd0vz\x96\xad\xf97*\xeb_\x94\xfcw\xa2\
\xb7\xa0-\xfc\xb8t\x7f\xd9dm\xe8\x17\xd1C\x80\xb9\
\xc4\x09\x00\xdaJo\xff\xe0\x85*gn\xe1\xe6\x8f9\
\xf4\xac\xc2\xec\xe6\x9e\xa5\x83/\x8b\x1e\x02\xcc%N\x00\
\xd0\x16\xaa\xd5u\x8b\xa6\xb4\xfb\x932]\x1c\xbd\x05\xed\
\xcb\xe4\x9f?\xaa8\xee\x8f\xb7m\xbb\xf1\xe1\xe8-\xc0\
\x91\x22\x00\xd0\xf2N8q\xcd)\x95\xca\xccU\x92N\
\x8f\xde\x82\x14n+\xcb\xfa\xefO\x8e\x0e\xdf\x19=\x04\
8\x12\xbc\x05\x80\x96\xd6\xd3?p~\xa52\xf3Sq\
\xf3G\xe3\xac-\x8a\xcaM\xdd\xcb\x06^\x18=\x048\
\x12\x04\x00Z\xd2\xa3\xdf\xe87x\xa9d\xdf\x96\xd4\x1d\
\xbd\x07\xe9\x1co\xa5]\xd5\xd3?x\x99\x99\xf1:\x8a\
\x96\xc4[\x00h9\xd5\xea\xbaES\xb6\xfb\xcb\x92^\
\x10\xbd\x05\x90\xe9\x9b\x0b\xca\x85\x17\xd7j\xb7>\x14=\
\x05\x98\x0d\x02\x00-e\xc9\x92S\xfb\xcb\x8e\xf2\xdb.\
\x9d\x11\xbd\x05\xd8\xcbt\xab\x15\xf5\x0b\xc6\xb6\x0eo\x8d\
\x9e\x02\x1c*\x02\x00-\xa3\xb7\xff\xb4\xd3\x5c\xf5\x7f\x90\
\xf4\xa4\xe8-\xc0\xe3\xb8\xb6\xb9\xfb\xf3'F\x87n\x8d\
\x9e\x02\x1c\x0a\xde\xbbBK\xe8\xaa\x0e<\xcfU\xbfA\
\xdc\xfc\xd1\xacL\xcb\xac\xb0\x1f\xf5.\x1d</z\x0a\
p(\x08\x004\xbd\x9e\xea\xea\x97\x16f\xff(\xe9\x84\
\xe8-\xc0\x138\xce]\xdf\xec\xad\x0e\xbc8z\x08\xf0\
D\x08\x004\xb5\xde\xa5\x03\xaf\x96\xf9\x17%uFo\
\x01\x0e\xd1\x027\xfbRou\xf0\x0f\xa3\x87\x00\x07C\
\x00\xa0i\xf5\xf4\x0f\xfc\xb1\xbb\xfd\xb5\xf8s\x8a\xd6S\
q\xd3\x15\xddK\x07_\x1f=\x048\x10^X\xd1\x94\
\xf6<\xe3\xffq\xf1g\x14\xad\xcb\xcc\xf5\xb1\xee\xfe\x81\
wF\x0f\x01\xf6\x87\x17W4\x9d\xde\xea\xe0{%]\
\x16\xbd\x03\x98\x0b&{Wo\xff\xeawG\xef\x00~\
\x13\x8f\x01\xa2\xa9\xf4,\x1d|\xbb\x5c\xef\x8b\xde\x01\xcc\
9\xb7\xb7\x8d\xd76~0z\x06\xf0+\x04\x00\x9aF\
wu\xf5\x9f\x9a\xf9\xff\x8c\xde\x01\xcc\x17\x93\xbdil\
d\xe3\xe5\xd1;\x00\x89\x00@\x93\xe8\xee_\xfd*\x93\
\x7fV\x92Eo\x01\xe6\x91\x9b\xf9\x1f\x8dm\x1f\xba\x22\
z\x08@\x00 \x5cOu\xf5K\xf7<\xea\xc7gR\
\x90A\xdd\xdc/\x1e\xab\x0d]\x19=\x04\xb9\x11\x00\x08\
\xd5\xdd\xbf\xfal\x93\x7fW\xd2\x82\xe8-@\x03M\x17\
\xee\xe7\xdf[\x1b\xba6z\x08\xf2\x22\x00\x10\xa6\xb7\x7f\
\xe5\xa9\xee\x95\x1bd\xea\x8a\xde\x02\x04\xb8_ng\x8d\
\xd76\xde\x1e=\x049q\xe4\x8a\x10K\x96\x9c\xda\xef\
\xaa|\x87\x9b?\x12;^\xe6\xdf\xea\xeb;\xbd/z\
\x08r\x22\x00\xd0p\xcb\x96\x9dyL\xbd\xc3\xffN\xfc\
\xb0\x0fp\xf2L1\xfd\x0f\xd5\xea\xbaE\xd1C\x90\x0f\
\x01\x80\x862\xb3\xe2\x91\xf2\xc1\xafH\xfe\xcc\xe8-@\
3p\xe9\x8c)\xed\xfe[3\xe3\xf5\x18\x0d\xc5\x1f8\
4TOu\xe0]\x92^\x10\xbd\x03h*\xa6\x17v\
U\x07\xde\x1e=\x03\xb9\xf0!@4LOu\xf5\x05\
2\xff\xa6\x08O`\x7fJ\xc9_0>2\xf4\x9d\xe8\
!\xc8\x81\x00@C\x9cp\xe2\xa9++E\xf9S>\
\xf4\x07\x1c\xd4DY\xd6\x9f>9:|g\xf4\x10\xb4\
?\xfe&\x86yW\xad\xae[T\xa9\x94Wq\xf3\x07\
\x9ePwQT\xaeZ\xb6\xec\xccc\xa2\x87\xa0\xfd\x11\
\x00\x98wS\xda\xfdIIk\xa2w\x00-b\xed\xae\
\xf2\xc1\xff\x1d=\x02\xed\x8f\xb7\x000\xafz\x96\x0e\xbe\
L\xae/F\xef\x00Z\x8e\xfbK\xc6kC_\x89\x9e\
\x81\xf6E\x00`\xde\xf4.;e\xb9\x97\x1d\xb7J\xea\
\x8e\xde\x02\xb4\x1c\xd7\xa4\x17\xc5S&\xb6o\xb8;z\
\x0a\xda\x13o\x01`^\x98Y\xe1e\xc7\x17\xc4\xcd\x1f\
8<\xa6.\xf3\xf2\x8bfV\x89\x9e\x82\xf6D\x00`\
^t\xf5\x0f\xbcM\xd2\xd9\xd1;\x80\x16\xf7\xdb\xdd}\
\xab\xde\x1c=\x02\xed\x89\xb7\x000\xe7\xba\x96\xae>\xa3\
p\xff\xb1\xa4\xce\xe8-@\x1b\x98\xf6\xa2\xfe\xcc\x89m\
\xc37G\x0fA{\xe1\x04\x00s\xca\xec\x9c\x8e\xc2\xfd\
S\xe2\xe6\x0f\xcc\x95N\xf3\xca\xe7\xcc\xce\xe4\x9a\xc2\x9c\
\x22\x000\xa7\xba\xfbjo\x91\xf4\xb4\xe8\x1d@[q\
\xad\xeb\xae>\xf8\xfa\xe8\x19h/\xbc\x05\x809\xb3\xe4\
\xa4\xd5\xab\xeau\xbfE\xd2\xd1\xd1[\x806\xf4H\xbd\
\xde\xb1\xf6\xbe\x1d\xeb\xef\x88\x1e\x82\xf6\xc0\x09\x00\xe6\x84\
\x99YY\xf7O\x88\x9b?0_\x8e\xaeTf\xae0\
3\x8b\x1e\x82\xf6@\x00`N\xf4\xf4\xaf\xba\xc4\xa5\xe7\
F\xef\x00\xda\xdc\xd9]\xd5\x81WE\x8f@{\xe0-\
\x00\x1c\xb1\xee\x15+\xbal\xd7\xc2aI\x8b\xa3\xb7\x00\
\xed\xce\xa4\x1d\xbe{z\xd5\xf8\xf8\x9d\xf7EoAk\
\xe3\x04\x00G\xacxd\xe1;\xc5\xcd\x1fh\x08\x97N\
\xd4\xc2\xce\xb7G\xef@\xeb\xe3\x04\x00Gd\xf1\xb2\x81\
\xc1\xb2\xb4\xdb\xc4c\x7f@#MU*v\xfa\xce\xad\
\x1b7G\x0fA\xeb\xe2\x04\x00G\xa4,\xed\xbf\x8b\x9b\
?\xd0h\x0b\xeau\xffH\xf4\x08\xb46N\x00p\xd8\
\x16W\x07\xce-\xcd\xbe\x1f\xbd\x03\xc8\xca\xcc\xce\x1b\xdb\
\xbe\xf1\xbb\xd1;\xd0\x9a8\x01\xc0a13+\x0b\xfb\
h\xf4\x0e 3w\xff\x00\x8f\x05\xe2p\x11\x008,\
=\xd5\x81\x0b\xe5Z\x17\xbd\x03H\xeei]\xfd\xab^\
\x18=\x02\xad\x89\x00\xc0\xac\x99Y\xc5\xa5wE\xef\x00\
 \x99\xeb\xbdf\xc6k9f\x8d?4\x98\xb5\xae\xfe\
U/\x95\xb4:z\x07\x00I\xb2\xd3z\xfaV]\x18\
\xbd\x02\xad\x87\x00\xc0\xac\x98Y\xc5\xdcx\x06\x19h\x22\
\xa5\xd9{\xcc\xce\xe9\x88\xde\x81\xd6B\x00`V\xba\xaa\
\x03\xaf\x904\x10\xbd\x03\xc0cLZ\xd5\xdd?\xf2\x07\
\xd1;\xd0Z\x08\x00\x1c233\x93\xbd)z\x07\x80\
\xfdp\xbd\x85'\x020\x1b\x04\x00\x0eYwu\xe5\xf9\
\x92\x9f\x1a\xbd\x03\xc0~\x9d\xde\xb3t\xf0w\xa3G\xa0\
u\x10\x00\x98\x85\xe2\x8d\xd1\x0b\x00\x1c\x98\xd7\x9dk\x14\
\x87\x8co\x02\xc4!\xe9\xee\x1bXg\x85\xdd,\x89#\
F\xa0\x89y\xa5|\xea\xc4\xd6\xcd\xb7D\xef@\xf3\xe3\
\x04\x00\x87\xc4*\xf6\x16q\xf3\x07\x9a\x9e\xd5+o\x88\
\xde\x80\xd6\xc0\x09\x00\x9e\xd0\x89'\xae\xa9\xceTf~\
)~\xf4\x07h\x05S\xd3>\xb3\xfc\x81\xda\x1d;\xa2\
\x87\xa0\xb9q\x02\x80'4S\xd4\xff\xb3\xb8\xf9\x03\xad\
bA\xa7u\xbc2z\x04\x9a\x1f\x01\x80\x83z\xf4\xc9\
\xbf\xf2\xbfD\xef\x00p\xe8\x5c\xba\x84G\x02\xf1D\x08\
\x00\x1c\xd4\x09}\xab\x9e+\xd9)\xd1;\x00\x1c:\x93\
Vu\xf5\xaf\xfc\xed\xe8\x1dhn\x04\x00\x0e\xaa0{\
u\xf4\x06\x00\xb3ge\xc1\xb5\x8b\x83\xe2C\x808\xa0\
\xe3OZ\xdd\xdbQ\xf7m\x92\x16Fo\x010k\xbb\
\xca\x05\x0b\x96N\xde}\xdbD\xf4\x104'N\x00p\
@\x1du\xbdD\xdc\xfc\x81VuTez\x9a_\x09\
\xc4\x01\x11\x008\x18^<\x80V\xe6~Q\xf4\x044\
/\xde\x02\xc0~-Yrj\x7f\xbd\xa3\xbcGR%\
z\x0b\x80\xc3V\xef,;\x97\x8d\x8e\xde>\x1a=\x04\
\xcd\x87\x13\x00\xec\xd7L\xa5\xbcH\xdc\xfc\x81VW\x99\
.\xa6^\x14=\x02\xcd\x89\x00\xc0~Y!\x8e\x0e\x81\
\xb6`\x5c\xcb\xd8/\xde\x02\xc0\xe3\xf4\x9e\xb4\xf2$\xaf\
W\xee\x16\x81\x08\xb4\x83\xb22\xa3\xe5;wn\xda\x1e\
=\x04\xcd\x85\x17x<\x8e\xd7\x8b\xff \xfel\x00\xed\
\xa2(;\xed\x82\xe8\x11h>\xbc\xc8c?\xec\xbc\xe8\
\x05\x00\xe6P)\xaei<\x0e\x01\x80}\xd8\x9a5\x0b\
$\x9d\x13\xbd\x03\xc0\xdcq\xf3s\xf7\x5c\xdb\xc0^\x04\
\x00\xf6\xd1{\xef\xf4\xefH:6z\x07\x809u\x5c\
\xd7X\xfd\xd9\xd1#\xd0\x5c\x08\x00\xec\xa3n\xc5\xefE\
o\x000\xf7L\xce\xb5\x8d}\x10\x00\xd8\x87\x89\xf7\x0a\
\x816E\x00`\x1f<\x06\x88\xbd\xfa\xfaN\xef\x9b.\
\xa6k\xd1;\x00\xcc\x0b\x9f\xf6\x99\xea\x03\xb5;vD\
\x0fAs\xe0\x04\x00{\xcdTf\xce\x8a\xde\x00`\xde\
X\x87:\x9e\x15=\x02\xcd\x83\x00\xc0^e\xa9\xe7D\
o\x000\x7f\xcc\xb8\xc6\xf1\x18\x02\x00\x8f1\xe7\xc5\x01\
hg\x04\x00~\x0d\x01\x00I\xd2\xf2\xe5\xcb\x8f6\xe9\
)\xd1;\x00\xcc#\xd7\x19+V\xac8*z\x06\x9a\
\x03\x01\x00I\xd2\x83\xf5\xa3\x9f.\x89/\x0a\x01\xda\xdb\
\xc2\xfb\xa6\x16\x9e\x11=\x02\xcd\x81\x00\x80$\xa9\xf0\xca\
3\xa27\x00\x98\x7f\xe6\xfe\xcc\xe8\x0dh\x0e\x04\x00$\
I\xee\xbe.z\x03\x80\x06p\xad\x8d\x9e\x80\xe6@\x00\
\xe0Q\xc6\x8b\x02\x90\x81\xcbN\x8f\xde\x80\xe6@\x00@\
fgvJ\x1a\x8c\xde\x01\xa0!N3;\xa7#z\
\x04\xe2\x11\x00Pw\xdfC\x83\xe2\x03\x80@\x16\x0b{\
\xaa[WE\x8f@<\x02\x00R\xe1\x1c\xff\x03\x99x\
\xc1\xdb\x00 \x00 I~Z\xf4\x02\x00\x8ddk\xa2\
\x17 \x1e\x01\x00\xc9\xed\xc9\xd1\x13\x004\x8e\x17\xe2\x9a\
\x07\x01\x00\xc9\xa5\x15\xd1\x1b\x004\xd4\xc9\xd1\x03\x10\x8f\
\x00\x80\x0a^\x0c\x80\x5c\x9c\xe8\x07\x01\x90^\xb5\xban\
\x91KK\xa2w\x00h\xa8*\xbf\x09\x00\x02 \xb9i\
\x9b9Y\x92E\xef\x00\xd0P\xf6\xe0\xd4\xc2'E\x8f\
@,\x02 9\xd7\x0c/\x02@B%o\x03\xa4G\
\x00$g\xae\xa5\xd1\x1b\x004^\xe9\xea\x8f\xde\x80X\
\x04@r.-\x8e\xde\x00\xa0\xf1\x8ck?=\x02 \
;\xb3\xde\xe8\x09\x00Bp\xed'G\x00$g\xbc\x08\
\x00)\xb9q\xedgG\x00$\xe7\x04\x00\x90RQr\
\xfa\x97\x1d\x01\x90\x9d\xf1> \x90\x91\x9bs\xed'G\
\x00d\xe7\xd6\x15=\x01@\x88\xee\xe8\x01\x88E\x00\xa4\
\xe7|\x1b\x18\x90\x90\x99\x16Fo@,\x02\x00\x0b\xa2\
\x07\x00h<w\x02 ;\x02 9#\x00\x80\xac\xb8\
\xf6\x93#\x00\x92s\xf1\xb7\x00 )\xae\xfd\xe4\x08\x00\
\xf0\xb7\x00 '\x02 9\x02\x00\x04\x00\x90\x13\x01\x90\
\x1c\x01\x00\x00@B\x04\x00\xa6\xa2\x07\x00\x08\xb1;z\
\x00b\x11\x00 \x00\x80\x9c\x08\x80\xe4\x08\x80\xe4\x8c\x17\
\x01 +\xae\xfd\xe4\x08\x80\xe4\x9c\x13\x00 +\xae\xfd\
\xe4\x08\x00\xf0\x22\x00$d\xc6\x09@v\x04@z\xb6\
+z\x01\x80\xc6s'\x00\xb2#\x00\xb2s\x9f\x88\x9e\
\x00 \x82\x8dG/@,\x02 \xbbB\xf7FO\x00\
\xd0x\xa6\x92k?9\x02 9w\x8dEo\x00\xd0\
x\xee\x05\xd7~r\x04@r&N\x00\x80\x94\x0aN\
\x00\xb2#\x00\xc0\xdf\x02\x80\x84\x8c\x13\x80\xf4\x08\x80\xe4\
\x8c\xb7\x00\x80\x94J\xe2?=\x02 97\x1f\x89\xde\
\x00\xa0\xf1\x0a\xf3Z\xf4\x06\xc4\x22\x00\x923\x95wE\
o\x00\xd0x\x85iK\xf4\x06\xc4\x22\x00\x92;\xa6c\
\xd7\x16I\x1e\xbd\x03@C\xf9\xb1\x0bv\xdf\x1d=\x02\
\xb1\x08\x80\xe4\xee\xb9\xe7\x9eGL\xda\x19\xbd\x03@C\
\x8dl\xd9\xb2\x85o\x01M\x8e\x00\x80\x5c\xc6Q \x90\
\x89\xe9\xae\xe8\x09\x88G\x00@\x92\xdf\x15\xbd\x00@\x03\
\x95\xbc\xff\x0f\x02\x00\x92d~g\xf4\x04\x00\x8dc\xa6\
_Do@<\x02\x00RY\xac\x8f\x9e\x00\xa0\xa1n\
\x8f\x1e\x80x\x04\x00$\x19/\x06@\x22V8\xd7<\
\x08\x00H\x13\xa3}\x9b$~\x1b\x1cHb\xd7\xd8\xf6\
\xcd\xc3\xd1#\x10\x8f\x00\x80\xdc\xaf\x9f\x91kc\xf4\x0e\
\x00\xf3\xcf\xa4\x9f\xbb{=z\x07\xe2\x11\x00x\x94\xd9\
m\xd1\x13\x004\x04\xd7:$\x11\x00\xd8\xc3\xf8P\x10\
\x90\x839\x1f\xfa\x85$\x02\x00{\xb8\x95?\x89\xde\x00\
\xa0\x01\xea\xc5\xbfFO@s \x00 I\x9aXT\
\xfeT|\x10\x10hw\xbb\x8f?f\xd7M\xd1#\xd0\
\x1c\x08\x00H\x92|xx\xb7\xe47G\xef\x000\xaf\
\xfe\x1f\xbf\x01\x80_!\x00\xb0\x97K7Do\x000\
\xaf\xb8\xc6\xb1\x17\x01\x80\xc7\x18/\x0e@[s\xe3\x1a\
\xc7^\x04\x00\xf6\x9a)\xeb\xbc8\x00\xed\xcb\xa7m\x86\
\x0f\x00b/\x02\x00{=P\xbbc\x87\xe4?\x8f\xde\
\x01`\x1e\x98n{`dxg\xf4\x0c4\x0f\x02\x00\
\xbf\xc1\xfe1z\x01\x80\xf9\xc0\xb5\x8d}\x11\x00\xd8G\
\xe9~M\xf4\x06\x00s\xcf]\x5c\xdb\xd8\x07\x01\x80}\
\xdc\xb7\xb8\xf3G\x92\x1e\x88\xde\x01`N\xdd?Y[\
\xf4/\xd1#\xd0\x5c\x08\x00\xec\xc3\xd7\xaf\x9f\x92t}\
\xf4\x0e\x00s\xc7\xe4\xd7\xba\xdf8\x1d\xbd\x03\xcd\x85\x00\
\xc0\xfepT\x08\xb4\x13\xe3\x9a\xc6\xe3\x11\x00x\x9c\xa2\
\xc3\xbf%\xa9\x8c\xde\x01`N\x94\xc5t\xe5\xea\xe8\x11\
h>\x04\x00\x1e\xe7\xde{\x86\xb6I\xe2\xfdB\xa0=\
\xfcp\xe7\xce\x0d#\xd1#\xd0|\x08\x00\xec\x97\xbb}\
5z\x03\x809`\xe2Z\xc6~\x11\x00\xd8\xaf\xce\xb2\
\xf25I\xf5\xe8\x1d\x00\x8eH}\xba\x9c\xb9*z\x04\
\x9a\x13\x01\x80\xfd\xda\xb1c}M\xd2\x8f\xa2w\x008\
|n\xfeO\x8f~\xc3'\xf0x\x04\x00\x0e\x86\xa3C\
\xa0\x85\x15\xa5]\x19\xbd\x01\xcd\x8b\x00\xc0\x01\xcdT\xec\
\xab\x92\xf8\xedp\xa05=R_\xb8\x80\xe3\x7f\x1c\x10\
\x01\x80\x03\xba\x7f\xeb\xc61\xc9\xfe>z\x07\x80\xc3a\
_\x9b\xbc\xfb\xb6\x89\xe8\x15h^\x04\x00\x0e\xaat\xbf\
\x22z\x03\x80\xc3`\xe5\xa7\xa3'\xa0\xb9\x99\xbbGo\
@\x1333\xeb\xe9\x1f\x18r\xd7\xca\xe8-\x00\x0e\x8d\
K\x9b'kC\x83\xce\x0b<\x0e\x82\x13\x00\x1c\x94\xbb\
\xbb\x97\xfe\xd9\xe8\x1d\x00\x0e]!\xbb\x82\x9b?\x9e\x08\
\x01\x80'\xd4\xe9\x0b>'\x89\x1f\x12\x01Z\xc3\xd4\x94\
O\x7f!z\x04\x9a\x1f\x01\x80'4:z\xfb\xa8\x5c\
<N\x04\xb4\x00\x93\xff\x1f\x9e\xfd\xc7\xa1 \x00ph\
\x5c\x1f\x91\xc4\x91\x22\xd0\xe4\xcaR\xff#z\x03Z\x03\
\x01\x80C2>\xba\xe967\xbb.z\x07\x80\x83\xba\
fbt\xe8\xd6\xe8\x11h\x0d\x04\x00\x0eY!\xbf<\
z\x03\x80\x03+\xdd?\x1a\xbd\x01\xad\x83\xc7\x001+\
=K\x07o\x91k]\xf4\x0e\x00\x8fs\xdbDm\xe8\
)|\xfa\x1f\x87\x8a\x13\x00\xcc\x8a\xbb},z\x03\x80\
\xfdp\xfb\x107\x7f\xcc\x06'\x00\x98\x153\xabtW\
\x07~.i z\x0b\x80G\xed\xf9\xe2\x9fS\xdd\x9d\
\x9f\xf0\xc6!\xe3\x04\x00\xb3\xe2\xeeu\x99\xde\x1b\xbd\x03\
\xc0c\x0a\xe9\x1d\xdc\xfc1[\x9c\x00`\xd6\xcc\xac\xe8\
\xae\x0e\xdc,im\xf4\x16\x00Z?Q\x1bZ\xe7\xee\
e\xf4\x10\xb4\x16N\x000k\xee^\x9a8\x05\x00\x9a\
\x81\xbb\xde\xc1\xcd\x1f\x87\x83\x13\x00\x1c\x163\xb3\xee\xbe\
\x81\x9bdzJ\xf4\x16 +\x93~6^\x1bz:\
\x1f\xfe\xc3\xe1\xe0\x04\x00\x87\xc5\xdd\xbd\x94\xbf)z\x07\
\x90ZY\xfc97\x7f\x1c.\x02\x00\x87m\xb26t\
\x9d\xa4oG\xef\x0022\xf9Uc\xa3\x1b\xbe\x1f\xbd\
\x03\xad\x8b\x00\xc0\x11)\xcb\xfa\x1b$\xed\x8e\xde\x01$\
35S\xaf\xbc5z\x04Z\x1b\x01\x80#29:\
|\xa7\xa4\xff\x15\xbd\x03H\xc5\xfc\xf2\xfbvl\x18\x8e\
\x9e\x81\xd6F\x00\xe0\x88Uf\xf4\x1eI\xb5\xe8\x1d@\
\x06.\x1f\xb5\xdd\xe5e\xd1;\xd0\xfa\x08\x00\x1c\xb1\x9d\
;7=\xe0\xd2\xdb\xa2w\x00)\x98\xde<66|\
\x7f\xf4\x0c\xb4>\x1e\x03\xc4\x9c03\xeb\xea\x1f\xfc\x9e\
\xb9\x9f\x1b\xbd\x05hc\xd7O\xd4\x86\x9e\xc7'\xff1\
\x178\x01\xc0\x9cpw\xf7\xd2_#\xe9\xa1\xe8-@\
\x9bz\xb8,\xeb\xaf\xe6\xe6\x8f\xb9B\x00`\xceL\xd6\
6m\x11\xdf\x10\x08\xcc\x0b\x93\xfd\xe5\x9e\x0f\xdd\x02s\
\x82\x00\xc0\x9c\x9a\xa8\xf5_n\xd2\xcf\xa2w\x00m\xc5\
u\xcbx\xad\xfaW\xd13\xd0^\x08\x00\xcc)\xf7\xeb\
g\xeaE\xf1\x1aI\xd3\xd1[\x8061\xe5\xee\xafr\
\xbf~&z\x08\xda\x0b\x01\x8097\xb9m\xc3Mr\
{W\xf4\x0e\xa0M\xfc\xc5\xc4\xe8\xd0\xad\xd1#\xd0~\
x\x0a\x00\xf3b\xcfO\x06_+\xe9\x9c\xe8-@\xeb\
\xb2\x7f\x9e\xa8mz\xae\xbb\xd7\xa3\x97\xa0\xfdp\x02\x80\
y\xe1\xee\xa5U\xea\xaf\x904\x1e\xbd\x05hI\xaeI\
\x15\x95\x97s\xf3\xc7|!\x000o\xc6\xb6\x0eo5\
\xe9\x8f\xa2w\x00\xad\xc8\xe4\xaf\x1d\xdf\xb6\xfe\x97\xd1;\
\xd0\xbe\x08\x00\xcc\xab\xb1\x91M_7\xf9\xe7\xa3w\x00\
-\xc5\xed\x8a\xb1\xda\xd0\x95\xd13\xd0\xde\x08\x00\xcc\xbb\
\xe3\x8f\x9az\xad\xa4\x9b\xa2w\x00-\xc1u\xcb\xa2\xce\
\x07_\x17=\x03\xed\x8f\x0f\x01\xa2!\xba\x97\x9e\xfa$\
\xf3\xf2g\x92z\xa3\xb7\x00Ml\xbct\x9d\xb9\xe7K\
\xb5\x80y\xc5\x09\x00\x1abb\xfb\x86\xbb\xad,^\x22\
\x89\x0f4\x01\xfbW\x9a\xe9bn\xfeh\x14\x02\x00\x0d\
36\xba\xe1\xfb.\xe7\xab\x82\x81\xfdq{\xc7\xd8\xf6\
M\xd7D\xcf@\x1e\xbc\x05\x80\x862\xb3\xa2\xbb\x7f\xe0\
*\xb9\xfec\xf4\x16\xa0Y\xb8\xf4\x8d\xc9\xda\xd0\x85\xfc\
\xd0\x0f\x1a\x89\x13\x004\x94\xbb\x97\x8b*\x0f\xbdD\xf2\
\x7f\x8d\xde\x024\x03\x93n\x5c\xe8\x0b_\xc9\xcd\x1f\x8d\
\xc6\x09\x00B\x1c\xd7\xbfrI\xa7*?\x96\xf4[\xd1\
[\x80@[:\xcb\xceg\x8d\x8e\xde>\x1a=\x04\xf9\
p\x02\x80\x10\x0f\x8c\x0c\xef,\xac|\x81\xa4\x89\xe8-\
@\x90\xf1\xa2\xf0\xf3\xb9\xf9#\x0a\x01\x800\xf7n\xdf\
\xbc\xd1e\xffI\xd2\xee\xe8-@\x83M\x97\xee\x17\xdd\
\xbbmhS\xf4\x10\xe4E\x00 \xd4\xc4\xc8\xc6\x1f\x9a\
\xfb+\xc5\xe3\x81\xc8\xa3n\xd2K'kC\xd7E\x0f\
An\x04\x00\xc2\x8d\xd5\x86\xaet\xd9\x1fJ*\xa3\xb7\
\x00\xf3\xcc\xcd\xfd\xb5c#\x9b\xbe\x1e=\x04 \x00\xd0\
\x14&F6~^\xf2?\x8b\xde\x01\xcc'3\x7f\xe3\
Xm\xe8\xd3\xd1;\x00\x89\x00@\x13\x19\x1f\x19\xfa\xb8\
\x99\xff\xb7\xe8\x1d\xc0\xbcp\xff\xf3\xb1\xedC\x1f\x8b\x9e\
\x01\xfc\x0a\x01\x80\xa62\xb6}\xe8c&{O\xf4\x0e\
`.\x99\xec\xdd\xe3\xb5\xa1\xcb\xa2w\x00\xbf\x8e\xef\x01\
@S\xea\xe9\x1f\xbcT\x12/\x98hy.\x7f\xe7\xc4\
\xc8\x10Q\x8b\xa6C\x00\xa0i\xf5,\x1d|\xad\x5c\x1f\
\x17'UhM\xee\xae7L\xd46\xfdU\xf4\x10`\
\x7f\x08\x004\xb5\x9e\xa5\x83\x17\xcb\xf57\x92:\xa2\xb7\
\x00\xb3Pw\xe9\xd5\x13#\x9b>\x17=\x048\x10\x02\
\x00M\xaf\xb7:\xf0b7\xfb\x82\xa4\x05\xd1[\x80C\
\xb0\xdb\xa4\x97\xf1\xa8\x1f\x9a\x1d\x01\x80\x96\xd0\xb3l\xf0\
9*\xf5\xf7\x92\x16Go\x01\x0eb\xc2e\xbf?1\
\xb2\xf1\x07\xd1C\x80'B\x00\xa0e\x9cp\xe2\x9aS\
::f\xbe\xe3\xae\x95\xd1[\x80\xfd\xd8R\x14~>\
_\xef\x8bV\xc1\x87\xab\xd02\xee\xdb\xb1\xfe\x8ei\xf3\
g\xcbuC\xf4\x16\xe0\xd7\xb9\xf4\xd3\xce\xb2\xf3Y\xdc\
\xfc\xd1J\x08\x00\xb4\x94\xfb\xb7\x0d\xdd{t\xe5\xd8\x7f\
on\x7f\x17\xbd\x05\x90$\x97\xbeql\xc7Cg\xf3\
\xab~h5\xbc\x05\x80\x96df\xd6]\x1dx\x8b\xa4\
\xf7K\xaaD\xefAJ.\xe9\xc3\x13\xb5\xa1\xb7\xb9;\
\xbfc\x81\x96C\x00\xa0\xa5u\xf7\x0f\x9eSH_q\
\xe9\xc4\xe8-He\xcc\xcc.\x1e\xdb\xbe\xf1\xbb\xd1C\
\x80\xc3E\x00\xa0\xe5\xf5.;eyYv|\xc3\xa4\
\xa7GoA\x06vs\xe9\xfe\xa2\xc9\xda\xa6-\xd1K\
\x80#\xc1g\x00\xd0\xf2\xc6\xb6\xddq\xcf\xb1\x1d\x0f\xfd\
;\x93\xf8\xd2\x15\xcc/\xb7+N8j\xd7\xb3\xb9\xf9\
\xa3\x1dp\x02\x80\xb6\xd2\xbbt\xf5\x8b\xdc\xfdS\x92z\
\xa2\xb7\xa0\xad\xdc'\xb7\xff:^\xdb\xf8\xe5\xe8!\xc0\
\x5c!\x00\xd0vz\x97\x9d\xb2\xdc\xcb\x8e/H:;\
z\x0b\xda\xc2\xf5V\xa9\xbfbl\xeb\xf0\xd6\xe8!\xc0\
\x5c\x22\x00\xd0\x96\xcc\xcc\xba\xfa\x06\xfe\xccL\x1f\x16_\
!\x8c\xc33c\xb2\xf7\x8f\xd76\xbd\x87O\xf9\xa3\x1d\
\x11\x00hk\xdd\xcbV>\xd5\xca\xca\xa7%=-z\
\x0bZ\x87I7\x96\xa5_21:tk\xf4\x16`\
\xbe\x10\x00h{f\xe7tt\xf5\x8d\xfc\x89\x99\xde'\
\xe9\xd8\xe8=hj\x8fHz\xf7Dm\xe8\xa3\xee^\
\x8f\x1e\x03\xcc'\x02\x00itU\x07\x9el\x85\xfe\xda\
\xdc~7z\x0b\x9a\xd2\x0f+\x15{\xcd\xce\xad\x1b7\
G\x0f\x01\x1a\x81\x00@*ff]\xd5\x81WI\xfe\
A\x93\xf5E\xefAS\xa8\xb9\xfc\xd2\x89\x91\xa1/D\
\x0f\x01\x1a\x89\x00@J\xd5\xea\xbaE\xd36\xf5f\x97\
_*\xe9\xa8\xe8=\x081m\xa6Ohw\xfd/\xc6\
\xc6\x86\xef\x8f\x1e\x034\x1a\x01\x80\xd4N8q\xcd)\
\x95\xca\xcc\x07$]\x18\xbd\x05\x8d\xe4W\x97e\xf9\xfa\
\xc9\xd1\xe1;\xa3\x97\x00Q\x08\x00@\xd2\xe2\xea\xc0\xb9\
\xa5\xd9\x87\xc4\xd3\x02m\xcd\xa4\x1b\xeb\xaeK'k\x9b\
\xfe)z\x0b\x10\x8d\x00\x00~\xcd\xa3!P|X\xf2\
\xa7Fo\xc1\x5c\xf2\x9f\x9b\xec\xdd\xe3\xb5\xa1\xaf;/\
z\x80$\x02\x00x\x1c3\xb3\xee\xbe\xc1\x0bd\xfe>\
Ik\xa3\xf7\xe0\x88lt\xf9e\x93\xb5\xcd_\xe2\xb1\
>`_\x04\x00p\x00fV\xe9\xee\x1fx\x89\x5co\
\x16!\xd0Z\x5c\xb7H\xf6\x91\x89\xd1M_\xe1[\xfc\
\x80\xfd#\x00\x80C\xd0\xb3l\xe0,\x95\xbaT\xb2\xe7\
K\xb2\xe8=8\x00\xd7\x0d\x92}hbt\xd3\xd5\x1c\
\xf5\x03\x07G\x00\x00\xb3\xd0\xd37\xb8V\x85\xbdQ\xf2\
?\x10\xbf1\xd0,\xa6L\xfee\xf7\xe2\xf2\xf1\xda\xc6\
\xdb\xa3\xc7\x00\xad\x82\x00\x00\x0eC\xd7\x93\xd6vW\xa6\
\xa7/t\xf7?\x95\xb4&zOF.m6\xe9\xb3\
\xd3>\xf3\xb9\x07jw\xec\x88\xde\x03\xb4\x1a\x02\x008\
B]KW\x9fQ\x94\xe5kdv\xb1\xa4E\xd1{\
\xda\xdcnI\xdf*\xdc?56\xba\xf9:\x8e\xf9\x81\
\xc3G\x00\x00s\xe4W\xa7\x02r\xbf\xc8\xa5\xb3%U\
\xa27\xb5\x89\xba\x9b]_\x94\xe5\x95\xe5\xd1S_\x9f\
\xd8\xb2e2z\x10\xd0\x0e\x08\x00`\x1e\x1c\x7f\xd2\xea\
\xdeJ\xbd|\xbeI\x17Jv\x9e\xa4\x8e\xe8M-\xa6\
\x94\xeb\xc7.}\xad\xb3\xec\xb8r\xc7\x8e\xf5\xb5\xe8A\
@\xbb!\x00\x80y\xb6d\xc9\xe0\xd2\xb2\xd3.P\xa9\
\xf3\xdc\xfc\x5cI\xc7EojR\xf7\x9b\xfcZ\x99\xae\
)\xa6+W\xef\xdc\xb9a$z\x10\xd0\xce\x08\x00\xa0\
\x81\xcc\xce\xec\xec\xaa>x\x96I\xe7\xe9\xd1\xff\xe4\xfe\
~\x01\xd3\xadr]\xe3\xb2k&k\x8bnp\xbfq\
:z\x12\x90\x05\x01\x00\x04\xea\xed]y\xbcu\x16\xcf\
p+\xce*M\xcf1\xf7\xb3\xd4\xbe\xbfN8c\xd2\
\xad2\xdd \xd7\xff\x9dR\xfd\x07\x0f\x8c\x0c\xef\x8c\x1e\
\x05dE\x00\x00Md\xc5\x8a\x15G\xdd7\xb5\xe0L\
s=C\xae\xb5.;]\xd2i\x92\x16Fo\x9b\xa5\
]\x926\x98\xfc6\x99nw\xb3\x9fL\x1cS\xbf\xd1\
\x87\x87wG\x0f\x03\xf0(\x02\x00hrf\xe7t\xf4\
\xf6o[\xe9\xa5\xad\x95l\x8d\x17z\xb2\xa4\x93\xe5Z\
!\xa9?x\xde\x88L[Tj\x8b\x99~!i\xbd\
Yy\xfb\xd8\xc8\xb2a\xf7\xebg\x82\xb7\x018\x08\x02\
\x00ha+V\xac8\xea\x81\xa9\x05'\x97\xa5V\xb8\
\xacZ\xc8z]\xbe\xd8M\x8b\xadT\xafL\xbd\x92\xba\
%\x1d\xb3\xe7_9^\x8f>\x9e\xd8)\xe9\xd8=\xff\
\xecAI\xd3\x92\xea\x92\xee\xdf\xf3\xcf\x1e\x964!\xd7\
\x98\x17\x1a3\xd9Ns\x8d\x95\xd2\xbd\x85y\xcd\xcc\xef\
:n\xc1\xd4][\xb6l\xd9\xd5\xb8\xff\xb7\x00\xe6\x12\
\x01\x00\x00@BE\xf4\x00\x00\x00\xd0x\x04\x00\x00\x00\
\x09\x11\x00\x00\x00$D\x00\x00\x00\x90\x10\x01\x00\x00@\
B\x04\x00\x00\x00\x09\x11\x00\x00\x00$D\x00\x00\x00\x90\
\x10\x01\x00\x00@B\x04\x00\x00\x00\x09\x11\x00\x00\x00$\
D\x00\x00\x00\x90\x10\x01\x00\x00@B\x04\x00\x00\x00\x09\
\x11\x00\x00\x00$D\x00\x00\x00\x90\x10\x01\x00\x00@B\
\x04\x00\x00\x00\x09\x11\x00\x00\x00$D\x00\x00\x00\x90\x10\
\x01\x00\x00@B\x04\x00\x00\x00\x09\x11\x00\x00\x00$D\
\x00\x00\x00\x90\x10\x01\x00\x00@B\x04\x00\x00\x00\x09\x11\
\x00\x00\x00$D\x00\x00\x00\x90\x10\x01\x00\x00@B\x04\
\x00\x00\x00\x09\x11\x00\x00\x00$D\x00\x00\x00\x90\x10\x01\
\x00\x00@B\x04\x00\x00\x00\x09\x11\x00\x00\x00$D\x00\
\x00\x00\x90\x10\x01\x00\x00@B\x04\x00\x00\x00\x09\x11\x00\
\x00\x00$D\x00\x00\x00\x90\x10\x01\x00\x00@B\x04\x00\
\x00\x00\x09\x11\x00\x00\x00$D\x00\x00\x00\x90\x10\x01\x00\
\x00@B\x04\x00\x00\x00\x09\x11\x00\x00\x00$D\x00\x00\
\x00\x90\x10\x01\x00\x00@B\x04\x00\x00\x00\x09\x11\x00\x00\
\x00$D\x00\x00\x00\x90\x10\x01\x00\x00@B\x04\x00\x00\
\x00\x09\x11\x00\x00\x00$D\x00\x00\x00\x90\x10\x01\x00\x00\
@B\x04\x00\x00\x00\x09\x11\x00\x00\x00$D\x00\x00\x00\
\x90\x10\x01\x00\x00@B\x04\x00\x00\x00\x09\x11\x00\x00\x00\
$D\x00\x00\x00\x90\x10\x01\x00\x00@B\x04\x00\x00\x00\
\x09\x11\x00\x00\x00$D\x00\x00\x00\x90\x10\x01\x00\x00@\
B\x04\x00\x00\x00\x09\x11\x00\x00\x00$D\x00\x00\x00\x90\
\x10\x01\x00\x00@B\x04\x00\x00\x00\x09\x11\x00\x00\x00$\
D\x00\x00\x00\x90\x10\x01\x00\x00@B\x04\x00\x00\x00\x09\
\x11\x00\x00\x00$D\x00\x00\x00\x90\x10\x01\x00\x00@B\
\x04\x00\x00\x00\x09\x11\x00\x00\x00$D\x00\x00\x00\x90\x10\
\x01\x00\x00@B\x04\x00\x00\x00\x09\x11\x00\x00\x00$D\
\x00\x00\x00\x90\x10\x01\x00\x00@B\x04\x00\x00\x00\x09\x11\
\x00\x00\x00$D\x00\x00\x00\x90\x10\x01\x00\x00@B\x04\
\x00\x00\x00\x09\x11\x00\x00\x00$D\x00\x00\x00\x90\x10\x01\
\x00\x00@B\x04\x00\x00\x00\x09\x11\x00\x00\x00$D\x00\
\x00\x00\x90\x10\x01\x00\x00@B\x04\x00\x00\x00\x09\x11\x00\
\x00\x00$D\x00\x00\x00\x90\x10\x01\x00\x00@B\x04\x00\
\x00\x00\x09\x11\x00\x00\x00$D\x00\x00\x00\x90\x10\x01\x00\
\x00@B\x04\x00\x00\x00\x09\x11\x00\x00\x00$D\x00\x00\
\x00\x90\x10\x01\x00\x00@B\x04\x00\x00\x00\x09\x11\x00\x00\
\x00$D\x00\x00\x00\x90\x10\x01\x00\x00@B\x04\x00\x00\
\x00\x09\x11\x00\x00\x00$D\x00\x00\x00\x90\x10\x01\x00\x00\
@B\x04\x00\x00\x00\x09\x11\x00\x00\x00$D\x00\x00\x00\
\x90\x10\x01\x00\x00@B\x04\x00\x00\x00\x09\x11\x00\x00\x00\
$\xf4\xff\x01kN\x84\xb9\xf4\xe3\xc1d\x00\x00\x00\x00\
IEND\xaeB`\x82\
"

qt_resource_name = b"\
\x00\x03\
\x00\x00p7\
\x00i\
\x00m\x00g\
\x00\x0f\
\x0e\x09\x1a\xe2\
\x00r\
\x00e\x00v\x00e\x00l\x00a\x00_\x00a\x00n\x00a\x00l\x00y\x00z\x00e\x00r\
\x00\x07\
\x0d\xfa\xdcS\
\x00w\
\x00i\x00d\x00g\x00e\x00t\x00s\
\x00\x0e\
\x06\x0c\xe6\x07\
\x00a\
\x00r\x00r\x00o\x00w\x00_\x00d\x00o\x00w\x00n\x00.\x00p\x00n\x00g\
\x00\x0d\
\x0b\x09\xe2\xc7\
\x00p\
\x00o\x00i\x00n\x00t\x00_\x00o\x00f\x00f\x00.\x00p\x00n\x00g\
\x00\x11\
\x0e\x8a\x02'\
\x00t\
\x00r\x00i\x00a\x00n\x00g\x00l\x00e\x00_\x00d\x00o\x00w\x00n\x00.\x00p\x00n\x00g\
\
\x00\x09\
\x00W\xb9\x87\
\x00p\
\x00o\x00i\x00n\x00t\x00.\x00p\x00n\x00g\
\x00\x0f\
\x09\xcb\xfc\x07\
\x00t\
\x00r\x00i\x00a\x00n\x00g\x00l\x00e\x00_\x00u\x00p\x00.\x00p\x00n\x00g\
\x00\x0f\
\x02BF\x07\
\x00p\
\x00o\x00i\x00n\x00t\x00_\x00s\x00o\x00l\x00i\x00d\x00.\x00p\x00n\x00g\
"

qt_resource_struct = b"\
\x00\x00\x00\x00\x00\x02\x00\x00\x00\x01\x00\x00\x00\x01\
\x00\x00\x00\x00\x00\x00\x00\x00\
\x00\x00\x00\x00\x00\x02\x00\x00\x00\x01\x00\x00\x00\x02\
\x00\x00\x00\x00\x00\x00\x00\x00\
\x00\x00\x00\x0c\x00\x02\x00\x00\x00\x01\x00\x00\x00\x03\
\x00\x00\x00\x00\x00\x00\x00\x00\
\x00\x00\x000\x00\x02\x00\x00\x00\x06\x00\x00\x00\x04\
\x00\x00\x00\x00\x00\x00\x00\x00\
\x00\x00\x00\xae\x00\x00\x00\x00\x00\x01\x00\x00:i\
\x00\x00\x01\xa1\x18\xf1R\xd8\
\x00\x00\x00\xea\x00\x00\x00\x00\x00\x01\x00\x00\xa0Z\
\x00\x00\x01\xa1\x18\xf9\x0bh\
\x00\x00\x00D\x00\x00\x00\x00\x00\x01\x00\x00\x00\x00\
\x00\x00\x01\xa1\x18\xbf\x94x\
\x00\x00\x00\xc6\x00\x00\x00\x00\x00\x01\x00\x00\x91\xef\
\x00\x00\x01\xa1\x19\x00\xd3\x98\
\x00\x00\x00f\x00\x00\x00\x00\x00\x01\x00\x00\x01u\
\x00\x00\x01\xa1\x18\xf9\x0fP\
\x00\x00\x00\x86\x00\x00\x00\x00\x00\x01\x00\x000\xaf\
\x00\x00\x01\xa1\x19\x00\xd3\x98\
"

def qInitResources():
    QtCore.qRegisterResourceData(0x03, qt_resource_struct, qt_resource_name, qt_resource_data)

def qCleanupResources():
    QtCore.qUnregisterResourceData(0x03, qt_resource_struct, qt_resource_name, qt_resource_data)

qInitResources()
